ラベル	満足度	文章	会員ID
医療・福祉	1	迅速	1231234771
買物・飲食	1	便利です	1231234771
移動・交通	-1	便利	1231234771
遊び・娯楽	-1	普通	1231234771
移動・交通	1	鉄道路線が充実している。どこにいくにも便利。	1226930387
買物・飲食	1	店舗がたくさんある。	1226930387
自然の恵み	-1	自然が少ない。公園などが特に。	1226930387
医療・福祉	-1	子供の病院が少ない。遠い。	1226930387
自然景観	1	海も近く県立公園もあり、リラックスできるので。	1233151099
住宅環境	1	比較的に安くすめているとおもうので	1233151099
買物・飲食	-1	近くに歩いていけるショップがありません	1233151099
移動・交通	-1	駅とかまでは歩くには遠いので	1233151099
移動・交通	1	今居住している武蔵小杉はJR横須賀線、南武線、東急東横線、目黒線と選択の余地がたくさんあり、移動には非常に便利	1229140632
買物・飲食	1	スーパーマーケットもたくさんあり、選択の余地が広い	1229140632
遊び・娯楽	-1	かなり発展した街なのに映画館がない。ライブハウスがない。	1229140632
自然災害	-1	台風である地域が浸水した際、エレベーターが止まったりと都市ならではの被害があった。##近くを流れている多摩川の整備がもっと必要かと。	1229140632
自然災害	1	横須賀市は神奈川県の中でも温暖なエリアで、例えば隣の横浜市などが雪の為、交通障害を起きている時でも、ほとんど雪が積もる事はなく、生活に支障をきたす事はない。また、台風被害も少なく、洪水なども起こる事はない。	1224984627
住宅環境	1	横須賀は山がちな地形だが、自分のエリアは平坦地で電車の駅も近く、その周りには商業施設や病院、学校なども多くある。	1224984627
移動・交通	-1	山がちな地形なため、道路幅が狭いなど道路網が決定的に不足しているため、幹線道路は始終渋滞している。	1224984627
デジタル生活	-1	少し街中を離れると電波が届かない所が結構ある。	1224984627
医療・福祉	1	病院おおい	1231421276
買物・飲食	1	多い	1231421276
移動・交通	-1	便利	1231421276
遊び・娯楽	-1	検討	1231421276
買物・飲食	1	ある程度はあって不便はしてないから	1225128428
移動・交通	1	ある程度なら簡単に行けるから	1225128428
事故・犯罪	-1	田舎だと不審者がでる	1225128428
公共空間	-1	老朽化が目立つ	1225128428
自然災害	1	特に大きな災害がないから。	1234403352
自然景観	1	海も山もあるから。	1234403352
住宅環境	-1	URをたくさん増やして欲しい。	1234403352
買物・飲食	-1	近隣の他県のような安いスーパーを取り入れて欲しい。	1234403352
医療・福祉	1	家の目の前にクリニックがある	1230687146
買物・飲食	1	スーパーにすぐ行ける	1230687146
デジタル生活	-1	全体的にアナログすぎる	1230687146
自然災害	-1	地震対策が出来ている気がしない	1230687146
医療・福祉	1	家の目の前にクリニックがある	1229859734
買物・飲食	1	スーパーにすぐ行ける	1229859734
デジタル生活	-1	全体的にアナログすぎる	1229859734
自然災害	-1	地震対策が出来ている気がしない	1229859734
自然の恵み	1	自然が豊かであること。	1230495203
買物・飲食	1	お店がほどほどにあること。	1230495203
事故・犯罪	-1	犯罪を減らしてほしい。	1230495203
医療・福祉	-1	医療を充実させてほしい。	1230495203
移動・交通	1	バスの運行充実している	1232133785
買物・飲食	1	近くにショッピングモールがある	1232133785
デジタル生活	-1	デジタル化が遅い	1232133785
子育て	-1	他と比較し、サポートが小	1232133785
買物・飲食	1	スーパーやコンビニなどお店が多い	1232308502
移動・交通	1	駅やバス停が多い	1232308502
医療・福祉	-1	大きな病院が無い	1232308502
遊び・娯楽	-1	娯楽施設が少ない	1232308502
医療・福祉	1	中程度の病院があり、いろんなクリニックも歩いていける範囲で存在す。るから	1232788343
移動・交通	1	鉄道の駅やいろんな方面に行くバスもありバス停も近いから。	1232788343
自然災害	-1	地震や台風等で被害を受け時、避難場所が遠い事。	1232788343
事故・犯罪	-1	病院があるのに時々暴走族が大きい音でバイク運転をしている事。	1232788343
環境共生	1	公園が整備されている。	1233052076
事故・犯罪	1	よくわからないけど、たぶん、米軍基地があっても沖縄程問題がおこらないので	1233052076
デジタル生活	-1	なんとなく	1233052076
遊び・娯楽	-1	面白い観光地が少ない	1233052076
遊び・娯楽	1	娯楽	1235282115
住宅環境	1	家	1235282115
買物・飲食	-1	高い	1235282115
自然景観	-1	少ない	1235282115
買物・飲食	1	スーパーやコンビニや商店が多い	1234413759
移動・交通	1	駅やバス停が多い	1234413759
遊び・娯楽	-1	娯楽施設が少ない	1234413759
自然景観	-1	自然があまりない	1234413759
住宅環境	1	家賃やすい	1228197106
自然の恵み	1	自然多め	1228197106
遊び・娯楽	-1	遊び場少ない	1228197106
移動・交通	-1	移動不便	1228197106
自然災害	1	自然災害があまりないので。まわりでもあまりきかないので。	1233482802
移動・交通	1	電車やバスなどが充実しているので。	1233482802
子育て	-1	中学校の給食をはやくしてほしい。遅れすぎ。	1233482802
医療・福祉	-1	子供の医療費の無償化が他の自治体と比べ著しく遅れている。	1233482802
買物・飲食	1	スーパーやコンビニが多い	1234413976
移動・交通	1	駅やバス停が多い	1234413976
医療・福祉	-1	大きな病院がない	1234413976
遊び・娯楽	-1	娯楽施設が少ない	1234413976
住宅環境	1	青葉区ですが閑静な住宅街で子育てがしやすいです。今や子供は大きくなりましたが穏やかで引き続き住みたい場所です。	1233877106
自然災害	1	地震が来ても地盤が強いせいかあまり揺れなく安心です。	1233877106
移動・交通	-1	人手不足のせいかと思いますがバスの便が減って困っています	1233877106
初等・中等教育	-1	もう少し補助を充実いただけるとありがたいです。	1233877106
移動・交通	1	どこに行くのも公共交通機関で移動が出来るので、便利な所	1237042534
遊び・娯楽	1	市外へ出なくても買いたい物が見つかるし、映画館等も充実していると思います。	1237042534
医療・福祉	-1	子供の医療助成などは他の市や県等より、対象年齢が狭いので	1237042534
初等・中等教育	-1	都内等と比べると設備（エアコン等）はまだまだ遅れていると思います。	1237042534
移動・交通	1	都内に出やすい	1232471120
買物・飲食	1	遠くまでいかなくても済む	1232471120
住宅環境	-1	建物相場が高い	1232471120
事故・犯罪	-1	凶悪犯罪がたまに起きる	1232471120
住宅環境	1	住むにあたって、住宅問題が全く無いので住み易いから	1228652305
自然災害	1	自然災害が全く無いから	1228652305
地域行政	-1	役所内の各係がもっと住民に寄り添って親身に関わって欲しい	1228652305
移動・交通	-1	コミュニテーバスの1時間あたりの本数を増やし、利用料金を元との100円に戻して欲しい。##150円だと50円を用意するのが面倒だ。##もしくは、スマホ決算で乗れるようにしてほしい。	1228652305
買物・飲食	1	いろいろ興味を引く情報や施設が有ります。	1230489203
移動・交通	1	すぐに都心に行ける所です。	1230489203
医療・福祉	-1	近くに以外と総合病院がありません。	1230489203
環境共生	-1	まだ開拓途中の土地が多くあります。	1230489203
移動・交通	1	都心に１時間以内で行ける	1230833885
買物・飲食	1	物価が安い	1230833885
自然災害	-1	そこまでひどい被害にあったことが無い	1230833885
事故・犯罪	-1	最近増えてきているから何とか減らす方向に改善してほしい	1230833885
自然景観	1	桜並木があり、毎年楽しんでいる。	1232142728
住宅環境	1	比較的家賃が安い。	1232142728
事故・犯罪	-1	治安が悪化してきた	1232142728
買物・飲食	-1	良いスーパーマーケットがない	1232142728
住宅環境	1	良かった	1231421154
住宅環境	1	いい感じです	1231421154
子育て	-1	費用対効果	1231421154
移動・交通	-1	不便	1231421154
自然景観	1	自然しかないから	1229042491
医療・福祉	1	病院が多いから	1229042491
移動・交通	-1	移動が不便だから	1229042491
買物・飲食	-1	店が少ないから	1229042491
遊び・娯楽	1	ショッピング、イベントに行きやすい	1232143224
移動・交通	1	電車、バスが多い	1232143224
子育て	-1	手当が少ない	1232143224
住宅環境	-1	家が密集している	1232143224
自然景観	1	静かで自然豊かで景観が良い	1230813511
自然の恵み	1	水が綺麗なのでたべものが美味しく作れる	1230813511
医療・福祉	-1	病院が一つのしかなく、先生が一人しか常駐していない	1230813511
移動・交通	-1	駅がないのでバス会社のやりたい放題	1230813511
移動・交通	1	各方向に鉄道があること	1230478123
買物・飲食	1	いろいろあるため	1230478123
事故・犯罪	-1	無いことが良いため	1230478123
自然景観	-1	公園などが多いことが良いため	1230478123
移動・交通	1	家の前がバス停##電車も複数線利用できる	1231636791
買物・飲食	1	家の前にスーパーがある	1231636791
医療・福祉	-1	介護について不満が多い##役所も福祉施設、事務所も対応悪い	1231636791
事故・犯罪	-1	振り込め詐欺などが市内で一番多い	1231636791
遊び・娯楽	1	観光地だから	1232941456
移動・交通	1	鉄道が充実している	1232941456
医療・福祉	-1	整備されてないから	1232941456
地域行政	-1	まだまたま不十分だから	1232941456
医療・福祉	1	医療体制が充実している	1231497764
子育て	1	教育施設にアクセスしやすい	1231497764
買物・飲食	-1	物価が高い	1231497764
地域行政	-1	より良い生活を実現したい	1231497764
住宅環境	1	緑が多くて自然豊か。治安も良く住みやすい	1232807468
買物・飲食	1	飲食店やスーパーなど沢山ある。選択肢が多いから楽しみも増える。	1232807468
事故・犯罪	-1	裕福な家庭が多い為詐欺被害などが多発しているらしいから	1232807468
自然の恵み	-1	農協さんのお店がもっと行きやすかったら良いのにと思う	1232807468
移動・交通	1	家から至近距離に駅があり、どこに行くのにも便利だから。	1231392298
住宅環境	1	閑静な住宅街で安心して暮らせるから	1231392298
自然災害	-1	巨大地震の対策をしてほしい	1231392298
環境共生	-1	都市にも緑を増やしてほしい	1231392298
住宅環境	1	利便性が良い	1233233946
移動・交通	1	都心に近い	1233233946
子育て	-1	支援の拡充	1233233946
初等・中等教育	-1	支援の拡充	1233233946
移動・交通	1	都内へのアクセスがいい点	1232526056
買物・飲食	1	ショッピングモールなどが多い	1232526056
地域行政	-1	他地域と比べ、住民税が高いので、市民に割引やクーポンなど還元してほしい	1232526056
医療・福祉	-1	高齢者以外にも優遇してほしい	1232526056
移動・交通	1	2線使用できるので、交通災害があってもなんとかなる	1230523693
医療・福祉	1	病院が多い	1230523693
都市景観	-1	古い公共建物が多い	1230523693
自然の恵み	-1	公園スポーツ施設を作って欲しい	1230523693
移動・交通	1	横浜線最寄り駅前に住んでいて利便がかなり高いから	1235920805
買物・飲食	1	スーパーなどが充実した	1235920805
医療・福祉	-1	まったくだめ。政令都市やで	1235920805
遊び・娯楽	-1	遊ぶとこまったくなし	1235920805
移動・交通	1	駅までのバスが比較的多い	1236604450
買物・飲食	1	店が近くに多い	1236604450
住宅環境	-1	周りが騒がしい	1236604450
事故・犯罪	-1	不審者の取り締まり	1236604450
買物・飲食	1	お店が多い	1234413764
移動・交通	1	駅やバス停が多い	1234413764
遊び・娯楽	-1	娯楽施設が少ない	1234413764
医療・福祉	-1	大きな病院がない	1234413764
移動・交通	1	通勤に便利	1235779098
買物・飲食	1	買い物に便利	1235779098
地域行政	-1	区役所が遠い	1235779098
地域行政	-1	区役所が遠い	1235779098
遊び・娯楽	1	横浜駅と川崎駅には娯楽が多い	1233805645
移動・交通	1	JRや私鉄が多くある	1233805645
買物・飲食	-1	都市以外にも開発	1233805645
デジタル生活	-1	行政が悪い	1233805645
買物・飲食	1	家の近くにショッピングセンターなどが複数あるから	1230476512
移動・交通	1	電車やバスのネットワークが充実しているから	1230476512
自然災害	-1	土砂崩れなどの可能性がある場所の対策を強化してほしい	1230476512
デジタル生活	-1	フリーWiFiのエリアを広げ、電波を強くしてほしい。	1230476512
移動・交通	1	東横線・グリーンラインに加えて、新横浜線もできて、どの方面へも行きやすいから。	1230551168
買物・飲食	1	チェーン店のものはほとんどあり、定番のスーパーもそろっているから。	1230551168
医療・福祉	-1	人口のわりに少ないと思うから。	1230551168
自然災害	-1	避難場所を充実させてほしい。	1230551168
移動・交通	1	電車の本数や路線が多く、飛行場もそれなりに近い。	1233911862
医療・福祉	1	廻りに大小さまざまない医療機関多くある。	1233911862
地域行政	-1	何とか税が多すぎる。	1233911862
公共空間	-1	特にはないが、建物間の空間が狭すぎる。	1233911862
買物・飲食	1	公共交通機関を利用しなくても、日用品の買い物ができるお店が多い。	1228138677
医療・福祉	1	病院が多く、複数の診療科目を集めた医療ビルもあり、もしものときに安心感がある。	1228138677
移動・交通	-1	坂が多く、高齢者には移動がきつい。自転車の移動も向かない。	1228138677
住宅環境	-1	古い家屋が多く、また隣り合わせで建っているので、災害のときに倒壊しそうで怖い。	1228138677
買物・飲食	1	少し車やバスや電車に乗ればどこへでも行けますし買い物に困ることはありません。	1234806112
遊び・娯楽	1	バスや電車ですぐに行ける場所に遊ぶところが多すぎて困るくらいです。	1234806112
自然災害	-1	とにかく崖が多いです。土砂災害対策をしてほしいです。	1234806112
事故・犯罪	-1	犯罪が多い地域があります。安心して暮らせるように防犯に力を入れてほしいと思います。	1234806112
買物・飲食	1	車がなくても不便を感じない	1231580876
移動・交通	1	車がなくても不便を感じない	1231580876
事故・犯罪	-1	油断できない	1231580876
自然災害	-1	防災対策がいまいち我々に伝わらない	1231580876
買物・飲食	1	アクセスが良く、大型ショッピングモールがあり、新鮮な魚介や野菜・果物など魅力がたくさんある。	1230867283
自然景観	1	江の島、 湘南海岸、引地川、境川、 湧水など特徴ある自然環境があり、植 物の分布や動物の分布にも大きく関わっている。	1230867283
デジタル生活	-1	スマート藤沢として掲げるテクノロジーの活用が進むまちとしての評価が低い。	1230867283
住宅環境	-1	ひとり暮らしや低所得者層等の住宅確保要配慮者の賃貸住宅への円滑な入居の問題。	1230867283
買物・飲食	1	自宅から数百メートル圏内で生活に関する物が全て整う。	1235247036
移動・交通	1	最寄りの駅まではバス移動なのですが、バスの本数も多く、最寄りの駅もいくつもの線があり、何処へ出るのも非常に便利だから。	1235247036
事故・犯罪	-1	多国籍の人が集まる地域なので仕方無いとは思うのですが、犯罪が他の地域よりは多い	1235247036
自然災害	-1	最近大災害が多いので不安。改善が間に合わなそう。	1235247036
移動・交通	1	電車が豊富	1226465241
買物・飲食	1	お店が充実	1226465241
住宅環境	-1	家賃が高い	1226465241
遊び・娯楽	-1	混雑	1226465241
移動・交通	1	鉄道網があり、移動に便利	1230505027
子育て	1	地区センター	1230505027
買物・飲食	-1	スーパーが多い	1230505027
環境共生	-1	排気ガスで呼吸器疾患が多い	1230505027
遊び・娯楽	1	なんでもある。	1235642581
住宅環境	1	住みやすい	1235642581
地域行政	-1	地域情報紙の見出しで市長が有名人との会談ばかりしている。	1235642581
買物・飲食	-1	生活消費を推進する事をまたやってほしい。(レシ活でも何でも)	1235642581
移動・交通	1	交通網が充実してる	1234540761
買物・飲食	1	スーパーが多い	1234540761
子育て	-1	補助金を増やして欲しい	1234540761
事故・犯罪	-1	もう少しパトロールを増やして欲しい	1234540761
移動・交通	1	交通網が充実している	1231576726
買物・飲食	1	あらゆるジャンルの店舗が揃っている	1231576726
自然災害	-1	崖崩れ防止対策をもっと充実してほしい	1231576726
事故・犯罪	-1	街頭に防犯カメラをもっと設置してほしい	1231576726
移動・交通	1	公共バスのバス停が自宅の近くにある為。	1234280637
自然の恵み	1	自然が豊かな場所な為。	1234280637
買物・飲食	-1	最寄りの駅前に、入りたくなるような飲食店が少ない為。	1234280637
公共空間	-1	空き地がそのままになっている為、地域に役立つような施設を建設して頂きたいです。	1234280637
買物・飲食	1	どこに行くにも車は必須だが、どこに行ってもお店はたくさんあるので数時間のうちに必要なものが全て手に入れられる。	1236148518
移動・交通	1	横浜でも車社会で電車やバスより車移動のほうがスムーズだったりする。電車は数分に1本、バスは1時間に4本は来る地域で行きたい所に不便なく行けるのも魅力。	1236148518
事故・犯罪	-1	神奈川県警の不祥事が多い。	1236148518
地域行政	-1	なにをしているかわからないから地域行政がどんな改善や行動をしているかわかりやすいように発信してほしい	1236148518
事故・犯罪	1	静かな住宅街で治安がとても良い。	1229656274
初等・中等教育	1	小学校と中学校が側にあり、とても便利である。	1229656274
買物・飲食	-1	飲食店が閉店することが続いて外食がしづらくなったのでお店が増えて欲しい。	1229656274
移動・交通	-1	バスの便が減ってしまっているので、増やして欲しい。	1229656274
移動・交通	1	電車やバスが便利である	1228346254
買物・飲食	1	スーパー、大きなショッピングモールなどが多く買い物するのに便利である	1228346254
医療・福祉	-1	子供の医療の負担をもっとして欲しい	1228346254
事故・犯罪	-1	交番をもっと増やして欲しい	1228346254
買物・飲食	1	環境が良い	1230861773
移動・交通	1	環境が良い	1230861773
遊び・娯楽	-1	悪い	1230861773
子育て	-1	なし	1230861773
買物・飲食	1	買い物を出来る店舗が多い	1234841571
医療・福祉	1	遠くまで行かなくても病院が沢山あるので	1234841571
事故・犯罪	-1	ニュースでもよく犯罪や事故ニュースを取り上げられているので	1234841571
地域行政	-1	特に改善点はありませんが、一つは選択しなければならなかったので。	1234841571
移動・交通	1	公共交通機関が充実しており、どこにいても少し歩けば、バス停や駅に辿り着け、運行間隔も比較的短いので##	1233435387
買物・飲食	1	多くのショッピングセンター、商店や飲食店が、どこにでもあるので	1233435387
事故・犯罪	-1	夜道での不審者を防ぐため、街灯や防犯システムを充実して頂きたい	1233435387
地域行政	-1	土日や休日も開館、対応して頂きたい。その代わりに、特定の平日を休みにして頂いても結構。	1233435387
自然景観	1	歴史的	1233047665
自然の恵み	1	海と山がある	1233047665
医療・福祉	-1	障害者向けの政策	1233047665
子育て	-1	子供が喜ぶ施設	1233047665
自然景観	1	美しい自然がたくさんある	1231718048
自然の恵み	1	海や 畑に囲まれ 恵まれている	1231718048
移動・交通	-1	公共機関が少ない	1231718048
自然災害	-1	急斜面などが多いので改善して欲しい	1231718048
住宅環境	1	都市の環境と自然の環境が共存しており、都心ほどゴミゴミしていない。居住している人たちも常識的で、周囲に対して配慮ができる方が多い。	1231644080
移動・交通	1	鉄道やバスなど公共交通機関がそこそこ充実している。	1231644080
医療・福祉	-1	頼りになる医療機関が少ない。	1231644080
買物・飲食	-1	画一的なチェーン店ばかり増えて、特徴のある店舗が消えていってしまう。	1231644080
住宅環境	1	最寄りの駅が3駅あり、交通アクセスは抜群。住宅街たが、公園や緑も多く、住んでいる人の年代も様々で、育児サークルや地域のサークルも盛んなので活気がある。スーパーやコンビニもたくさんあって買い物には困らない。	1229308233
買物・飲食	1	スーパー、コンビニ、飲食店など##徒歩圏内に数店舗あり、便利。	1229308233
事故・犯罪	-1	比較的、犯罪などは少ないし、警察のパトロールも行っているので、安心はしているが、それでも犯罪は皆無ではないので、パトロールなどは今以上に強化して欲しい。	1229308233
環境共生	-1	人口密度の割には緑などは残ってる方なのかとは思うが、それでも近年、昔からある山がマンションになったり、畑が駐車場になったりと、だんだん自然はなくなってきている。その中でも緑を残す、作ることをやめないで欲しい。	1229308233
買物・飲食	1	近隣に多くのスーパーや飲食店がある	1234401757
移動・交通	1	小田急線、横浜線、バスなど交通の便が良い	1234401757
公共空間	-1	厚木飛行場が近隣にあるので飛行機の騒音を改善して欲しい	1234401757
子育て	-1	子育て支援の充実	1234401757
住宅環境	1	交通の路線、住むところ、商業地が区分けされており、静かで住みやすい	1231790100
買物・飲食	1	飲食店が多く遠くに行かなくてもよい	1231790100
医療・福祉	-1	比較的病院が多い	1231790100
事故・犯罪	-1	自転車盗難が多いので取り締まってほしい	1231790100
移動・交通	1	電車で都内に出やすい。	1234366884
自然景観	1	住宅街でもあるけれど少し歩いたりすると自然を感じられる。	1234366884
買物・飲食	-1	飲食店をもっと増やしてほしい。	1234366884
移動・交通	-1	今以上にもっと便利になると良い。	1234366884
住宅環境	1	落ち着いた雰囲気の住宅地。	1231145393
移動・交通	1	2駅利用でき駅までどちらも10分位。	1231145393
医療・福祉	-1	少し健康保険料が高いかんじなので。	1231145393
子育て	-1	中学校の給食の無料化をして欲しい。	1231145393
遊び・娯楽	1	飲み屋が多い	1233018487
公共空間	1	年が綺麗	1233018487
医療・福祉	-1	びょうおんこむ	1233018487
買物・飲食	-1	ならぶ	1233018487
移動・交通	1	湘南にも近く都心にもアクセスしやすい。	1231046565
住宅環境	1	自然	1231046565
医療・福祉	-1	病院	1231046565
公共空間	-1	騒音	1231046565
自然の恵み	1	公園や緑地が多く、水が良い。	1235407747
医療・福祉	1	病院は大小含めてかなりたくさんある。	1235407747
移動・交通	-1	相模原駅前の一方通行が多すぎる	1235407747
買物・飲食	-1	風俗店を減らす	1235407747
移動・交通	1	地下鉄、高速など充実している	1231709685
買物・飲食	1	近くに大規模なショッピングセンターがいくつもあり困らない	1231709685
都市景観	-1	清掃が行き届いていないところがある	1231709685
事故・犯罪	-1	夜中騒がしいところがある	1231709685
買物・飲食	1	不足なし	1234791748
環境共生	1	公園が多い	1234791748
事故・犯罪	-1	交番が少ない	1234791748
自然災害	-1	ハザードが点在する	1234791748
自然災害	1	地盤が硬いので地震に強い	1236118728
事故・犯罪	1	事故や犯罪にあったことがない	1236118728
買物・飲食	-1	スーパーが1件しかなく不便	1236118728
公共空間	-1	近くに図書館がない	1236118728
移動・交通	1	東京に近い	1232609386
事故・犯罪	1	安全で治安が良い	1232609386
子育て	-1	子育て支援が国の中で最低基準	1232609386
買物・飲食	-1	物価が高い	1232609386
自然の恵み	1	川や山が近くにあるけれど、不便なほど田舎ではないところ。	1225181578
買物・飲食	1	ひと通り必要なものは揃っているところ。	1225181578
デジタル生活	-1	もう少しwi-fiの環境を整備してほしい。	1225181578
地域行政	-1	ごみの集積所を増やしてほしい。	1225181578
事故・犯罪	1	私の居る周辺で全くおこらないから	1231778516
買物・飲食	1	住居の目の前にショッピングモールがあるから	1231778516
デジタル生活	-1	アナログなので、何でもデジタルになると本当に困る	1231778516
医療・福祉	-1	これから老人になるので近隣に必要な病院が配備されると助かる	1231778516
自然災害	1	高台なので浸水の心配がない。高低差があるので、雨水のはけがよい	1231128293
事故・犯罪	1	整然とした街並みで、夜は見知らぬ人が歩き回っていない。静かな環境であること。学校や病院が近くにあり一日を通して人通りが一定あること	1231128293
自然景観	-1	公園や緑が少ないので増やしてほしい	1231128293
医療・福祉	-1	人気のある病院だけは混んでいるような気がする。受診に時間がかからないようになればよいと思う。	1231128293
遊び・娯楽	1	病院がたくさんある	1236291121
買物・飲食	1	いっぱいある、選べる	1236291121
住宅環境	-1	物価が高い	1236291121
移動・交通	-1	高速高い、道路混む	1236291121
自然景観	1	海、山、丘陵、川などが近くにあり公害の無い自然が沢山ありながら、買い物、スーパーが多く病院医療も充実し道路環境もよく車移動もスムーズ、北西から南西にかけ山脈があり風や雪雲などをガードし温暖で自然災害もない。都市と田舎の良いとこ取りのレジャー施設も近くに多くあり正しく穴場です。	1234309632
都市景観	1	道路が広く渋滞がない。鉄道の駅を中心に住宅街が里山や海岸にきれいな形でひろがっている。	1234309632
移動・交通	-1	広い自治体なのでバスだけではなく路面電車が出来ると更に暮らしやすくなるだろう。##	1234309632
地域行政	-1	保守政治地域から変わってほしい。抜け出す為にまず自治会が男尊女卑の古い体質なので、新たな未来の為に無くなるか生まれ変わってほしい。	1234309632
自然災害	1	この地域に住んでから、洪水、崖崩れなどには遭遇していない。	1234432745
事故・犯罪	1	この地域に住んでから大きな犯罪の話は聞いていない。	1234432745
買物・飲食	-1	歩いて10分以内には好みの飲食店が乏しい。ファーストフード店が一軒でもあればと思う。	1234432745
公共空間	-1	散歩に向くような公園や緑道があればと思う。	1234432745
住宅環境	1	交通の便が良いので商業施設に行きやすい##	1231711468
デジタル生活	1	光ファイバー網に入っているので通信環境が良い	1231711468
自然災害	-1	津波等々の避難場所を明確にしてほしい	1231711468
都市景観	-1	ｍｍ21でビルが乱立しているように感じる	1231711468
公共空間	1	便利だから	1235146599
移動・交通	1	便利だから	1235146599
遊び・娯楽	-1	テーマパークほしい	1235146599
医療・福祉	-1	無料にしてほしい	1235146599
移動・交通	1	どこに行くにもある程度便利	1232704075
買物・飲食	1	適度に店がある	1232704075
都市景観	-1	もっとかっこよく	1232704075
自然景観	-1	よりおおく	1232704075
移動・交通	1	三路線にアクセス出来る所に住んでいるのと、バスの路線と本数が多い事。	1236398953
都市景観	1	みなとみらいの夜景が何となく見えるから。	1236398953
買物・飲食	-1	近くにマンションが多いのに店が少ないのと、レジでの支払いに時間かかるから。	1236398953
事故・犯罪	-1	中国人や朝鮮人、東南アジア人などの外人が多くて治安が悪いから。	1236398953
医療・福祉	1	市長ががかわったから	1234497961
買物・飲食	1	便利	1234497961
自然の恵み	-1	自然が少ない	1234497961
事故・犯罪	-1	都会なので	1234497961
移動・交通	1	出かける時などの移動がしやすい。	1236786338
買物・飲食	1	スーパーや医療品の店が近くに多い。	1236786338
医療・福祉	-1	病院、特に発熱外来など東京などに比べすぐに対応できるところが少ない。コロナ禍の時に感じました。	1236786338
地域行政	-1	選挙の投票などはスーパーなどでできる様にして欲しい。	1236786338
買物・飲食	1	生活必需品については、車があれば、自宅から遠くても３０分以内の距離でほぼほぼのものがそろう。##贅沢なもの、高級なものが欲しい、高級感のある場所、贅沢な料理、中華街に行きたければ、電車で十数分の距離に行けばたくさんある。	1236337075
移動・交通	1	バスの路線の充実、駅に出れば都心へは２０分程、反対方面の横浜方面へは十数分で着く。	1236337075
遊び・娯楽	-1	たくさん娯楽施設が欲しいとは思わないが、景観のいい場所や、アウトレットモールなどがあればいいと思う。	1236337075
事故・犯罪	-1	大きな何かが起きたわけではないが、駅から離れた住宅街なので、昼間でも通りに人がいなく、夜はとても不安になる。	1236337075
住宅環境	1	閑静である。自宅周辺の住民の民度が高い（自宅のある町の投票率の高さなどからも判断できる）	1233113306
買物・飲食	1	便利なスーパーが近くにある	1233113306
移動・交通	-1	特に休日，渋滞が多い。	1233113306
地域行政	-1	改善しようがないが，市の財政が貧困	1233113306
移動・交通	1	駅やバス停に近く、タクシー等もつかまえやすい	1234473041
買物・飲食	1	スーパーやコンビニが近い##	1234473041
移動・交通	-1	高速道路の騒音、振動を改善してほしい##	1234473041
自然景観	-1	公園を増やしてほしい	1234473041
自然景観	1	海、山があり自然を身近に感じられます。夜にたまにふくろうの鳴き声が聞こえる時もありますね。	1230569793
移動・交通	1	まあ、1本で都内に行ける所かな。	1230569793
買物・飲食	-1	ちょっと生活圏にスーパーが少ない。	1230569793
住宅環境	-1	坂道が多すぎ。	1230569793
医療・福祉	1	近くに病院が山のようにある	1230574639
移動・交通	1	駅まで徒歩二分なので車がいらない	1230574639
医療・福祉	-1	福祉に金をかけていない。##自民党議員が無駄な金を使っている気がする	1230574639
都市景観	-1	雑木の剪定が杜撰なため公道が危険	1230574639
移動・交通	1	東京や横浜など、都市部への交通の便がとてもよく、仕事で遅くなっても1時間以内に家まで帰れるところが良い。	1231087781
子育て	1	少子高齢化が騒がれる中、比較的子育てをしている世帯が多いため、そこに税金が使われていると思われる施設、設備が多いと感じるため。	1231087781
住宅環境	-1	立地が良い分、地価が高く、一般庶民には住宅購入が高嶺の花になっているため、空き家の再利用など行なってほしい。	1231087781
公共空間	-1	市営、県営のジムなどの施設が近くにないため、格安で利用できる公的な施設を増やしてほしい。	1231087781
住宅環境	1	治安が良く、環境が良い。	1233973613
自然景観	1	景観がよろしい。美しい。	1233973613
移動・交通	-1	駅まで遠いです。	1233973613
自然の恵み	-1	横浜は坂が多いです。疲れます。	1233973613
買物・飲食	1	便利だから	1234560506
移動・交通	1	便利だから	1234560506
地域行政	-1	充実させてほひい	1234560506
医療・福祉	-1	無料	1234560506
買物・飲食	1	普段の買い物で食品や日用品など生活必需品の購入に不自由はないから。飲食店もジャンル問わずそれなりに充実しているから。	1234003773
住宅環境	1	郊外なので家賃が他の都市より安いと思う。	1234003773
移動・交通	-1	鉄道駅が一つしかないのはなかなか珍しい。北部は不便過ぎるので鉄道駅を新設して欲しい。	1234003773
デジタル生活	-1	地域独自の電子マネーが存在するが、そのせいか大手コード決済の還元キャンペーンが全く行われない。導入当初、利用者が限定されるなど不公平さが先入観として残っているため未だに一度も利用したことがない。	1234003773
住宅環境	1	大変静かな住宅環境だから	1235379158
医療・福祉	1	近くに地域密着型の医院が揃っている。	1235379158
移動・交通	-1	抜け道があり狭い通りに車が多いため車両通行禁止にして欲しい。	1235379158
自然景観	-1	公園が近くに欲しい	1235379158
買物・飲食	1	生活範囲にお店が多い。	1224955597
移動・交通	1	交通の便がよい。	1224955597
事故・犯罪	-1	特別ないが現状を保ってほしい。	1224955597
自然災害	-1	大災害にも備えをしっかりしてほしい。	1224955597
事故・犯罪	1	大きな犯罪や事故も無く平和な日々を過ごせます。	1225623716
自然災害	1	近くに大きな公園あり何時でも行けます。	1225623716
デジタル生活	-1	高齢になるとデジタル機器の操作が難しいので切り替えは止めてほしい。	1225623716
移動・交通	-1	バスで目的地に行くのに何回か乗り換えることあるので直接行けると便利です。	1225623716
住宅環境	1	安心で静かな暮らしが出来る##自然が豊かで平穏な暮らしが出来る	1229261797
移動・交通	1	バス、電車が便利で不便がない	1229261797
公共空間	-1	図書館などの落ち着く場所の魅力がない	1229261797
買物・飲食	-1	もう少し飲食店が欲しい	1229261797
住宅環境	1	暮らしやすいと思うから。	1234503928
子育て	1	あまり人がいなく暮らしやすいから	1234503928
医療・福祉	-1	病院があまりない	1234503928
移動・交通	-1	不便なため	1234503928
買物・飲食	1	店舗数、種類	1235467291
移動・交通	1	交通機関多い	1235467291
事故・犯罪	-1	治安が悪い	1235467291
自然災害	-1	地震対策	1235467291
住宅環境	1	よかった	1227914766
買物・飲食	1	よかった	1227914766
買物・飲食	-1	よかった	1227914766
事故・犯罪	-1	治安	1227914766
移動・交通	1	本数が多い	1227183688
住宅環境	1	騒音が少ない	1227183688
事故・犯罪	-1	事故が多い	1227183688
医療・福祉	-1	厚生年金支払いが高い	1227183688
移動・交通	1	東京都心に早く行ける	1226629872
買物・飲食	1	生活必需品は最低限揃う	1226629872
事故・犯罪	-1	物騒な事件が時々発生する	1226629872
遊び・娯楽	-1	分からない	1226629872
買物・飲食	1	お店が多くアクセスもよい	1236624040
移動・交通	1	駅やバス停が多い	1236624040
医療・福祉	-1	大きな病院が少ない	1236624040
遊び・娯楽	-1	娯楽施設が少ない	1236624040
医療・福祉	1	大きな病院が、駅の近くに有り、その他もろもろの病院やクリニックが、たくさんあって、楽だから。	1233814983
移動・交通	1	JRと私鉄が交差している駅が有り、新宿まで16分、川崎まで27分、東京駅まで50分くらいなので、便利だと思うから。	1233814983
買物・飲食	-1	飲食店は、それなりにあるが、大手の飲食店が、あまり参入して来ない。特に回転寿司がないのが、不満です。	1233814983
遊び・娯楽	-1	ボーリング場がなく、ゲームセンターが1件しかなく、これと言って、遊べる場所がないのが、不満です。	1233814983
買物・飲食	1	回りにたくさんお店がある	1235422503
移動・交通	1	いろいろな方向に電車を1回乗り換える位で行ける	1235422503
自然の恵み	-1	これ以上自然が壊されないように	1235422503
医療・福祉	-1	大きい病院がすぐそばにあると良い	1235422503
住宅環境	1	都会過ぎず、田舎過ぎず、のどかな場所だから。	1236498573
自然災害	1	大きな川、崖から離れているので。	1236498573
買物・飲食	-1	ここ一年で近隣のスーパーが続々閉店してしまったので、お店の競争のためにも新店舗がほしい。	1236498573
移動・交通	-1	リニア以外も注目して、相模線の複線化、バス路線維持なども注力してほしい。	1236498573
事故・犯罪	1	とくになし	1234931376
移動・交通	1	とくになし	1234931376
買物・飲食	-1	とくになし	1234931376
地域行政	-1	とくになし	1234931376
医療・福祉	1	たちばな台病院の待合時間が無駄がない。仕組みは初見には面倒。	1237034045
移動・交通	1	バスが7分おき。	1237034045
事故・犯罪	-1	空き巣が多い。捕まらない。	1237034045
自然災害	-1	能登の地震でも大変だったので、公園の水道、トイレはしっかりしておくべき(数も)。	1237034045
住宅環境	1	近隣の人との関わり	1235429163
初等・中等教育	1	小学校、中学校が近い	1235429163
遊び・娯楽	-1	近くに遊ぶ場所が少ない	1235429163
自然災害	-1	この前の地震でブロック崩れ発生	1235429163
移動・交通	1	都心に出るときには、小田急線、田園都市線、横浜に出る場合は、相鉄線と手段が豊富で、また相鉄線も都心へ行く直通ができ至極便利。	1231319288
医療・福祉	1	市立図書館を中心に公共の学びの場所が多いと思います。	1231319288
買物・飲食	-1	駅から少し離れたところにショッピングセンターやショッピングモールがあるが、駅そばにはあまりない。特に、大和駅にもう少し大きな店が欲しい。	1231319288
医療・福祉	-1	大和市立病院は、地域の中核病院だが、もう少し高度医療にも対応した信頼の高い病院になってほしい。	1231319288
買物・飲食	1	便利に買い物できる環境にある。	1232419931
住宅環境	1	地域の整備がされており住みやすい。	1232419931
移動・交通	-1	どこへ行くのにも電車、バスのアクセスは良い。	1232419931
移動・交通	-1	最寄り駅に快速が停まるようにして欲しい。	1232419931
移動・交通	1	なし	1231984891
買物・飲食	1	なし	1231984891
事故・犯罪	-1	なし	1231984891
子育て	-1	なし	1231984891
自然の恵み	1	公園が充実	1230775995
自然景観	1	自然が多い	1230775995
子育て	-1	子供の施設の充実	1230775995
医療・福祉	-1	施設の充実	1230775995
移動・交通	1	バス	1235813508
地域行政	1	すべて	1235813508
地域行政	-1	道路	1235813508
移動・交通	-1	なし	1235813508
買物・飲食	1	店が多くあるので買い物や外食には困らない	1230737882
自然景観	1	川や山もあって自然を近くに感じる	1230737882
移動・交通	-1	都心に比べると電車が少ない	1230737882
事故・犯罪	-1	犯罪は起こってほしくない	1230737882
自然景観	1	足腰を鍛えるために山へいくのですが、低い山から高い山、整備されてて、最高です##	1237012413
買物・飲食	1	直ぐ側にドラッグストアや、スーパー、コンビ二があり便利	1237012413
地域行政	-1	水道みちが小学生の通学道にもなっていてその先工業団地があり車の量が多いので道をどちらか一方通行とかにしてほしい	1237012413
初等・中等教育	-1	無料可にしたらいいと思います	1237012413
事故・犯罪	1	自分の住んでいる地域は治安がいい	1236631012
移動・交通	1	京王線と南武線、小田急線を使える	1236631012
買物・飲食	-1	近所にイオン等がない	1236631012
医療・福祉	-1	医療の質	1236631012
デジタル生活	1	全部当てはまらない##仕方なく	1234303618
自然景観	1	全部当てはまらない##仕方なく	1234303618
移動・交通	-1	渋滞	1234303618
地域行政	-1	税金	1234303618
移動・交通	1	東京にも横浜にも出やすい	1233504497
自然の恵み	1	多摩川癒し	1233504497
遊び・娯楽	-1	映画館欲しい。カフェ難民	1233504497
公共空間	-1	マンションばっか	1233504497
自然景観	1	生田緑地など大きくて広い公園がある	1232117131
移動・交通	1	都心に向かう時に便利だなと思う	1232117131
自然災害	-1	あまり心配はしていないが、時々起きる災害はよう注意しています	1232117131
住宅環境	-1	公園などで、たばこが無制限に吸われている	1232117131
環境共生	1	特に無し	1227985651
移動・交通	1	電車の乗り換えで使える横浜駅や新横浜駅にアクセスしやすい	1234876727
遊び・娯楽	1	大体歩いてでも遊べる場所にいけるくらい多い	1234876727
事故・犯罪	-1	昔から頻繁に事故等が多いイメージ	1234876727
住宅環境	-1	家や土地、もしくは家賃が高い	1234876727
住宅環境	1	遊ぶところもたくさんあって何をするにも便利	1233121422
買物・飲食	1	近くにスーパー、コンビニ、専門店などたくさんある	1233121422
医療・福祉	-1	クリニックはたくさんあるが、あまり良いクリニックがないように思う	1233121422
事故・犯罪	-1	中国人が多く、彼らの一部はルールを守らない	1233121422
自然景観	1	少し歩けば川も田んぼもあり、中々見れない野鳥もいてその鳥を見れた時は何故か幸せな気持ちになれます、	1236840886
買物・飲食	1	家の裏にスーパーとかドラッグストアもあり便利です。	1236840886
住宅環境	-1	家の前が道路で朝晩車が多く子供も通学します、せめて時間帯で一方通行にしてもらいたい。	1236840886
買物・飲食	-1	裏にスーパーがあるけどもう1つ位別のスーパーがあればいい	1236840886
自然景観	1	川が近く、川越しに富士山が見える。山も見えるし晴れた日には相模湾の大島も見える。	1234348181
自然災害	1	台風、降雪等の自然災害が少ない	1234348181
買物・飲食	-1	ちょっとしたときに楽しめる、飲食店が少ない	1234348181
遊び・娯楽	-1	ちょっとした時間つぶしの買い物ができる店がない	1234348181
住宅環境	1	自然が多いから	1233594514
都市景観	1	家が多くないから	1233594514
買物・飲食	-1	近くにお店が少なく不便	1233594514
医療・福祉	-1	医療機関が少ないから	1233594514
買物・飲食	1	近隣に店	1236160171
自然景観	1	街中に自然が残る	1236160171
住宅環境	-1	家賃が安くない	1236160171
移動・交通	-1	特に無し	1236160171
公共空間	1	戸外、室内の公共空間が良く整備されていて利用しやすいため。	1229585722
地域行政	1	設問に1番目、2番目という条件を付けるのであれば、最初に断っていただきたかったです。####公共空間とも関連しますが、利用しやすいためです。	1229585722
地域行政	-1	いろいろな手続等をより分かりやすく進めていただきたい。	1229585722
環境共生	-1	ここでも2番目という条件を示されましたが、1番目、2番目があることを予め質問文に提示してほしいものです。##当市は緑が多いですが、少々多すぎる感もあり、順次減らしていく視点も必要かと思います。	1229585722
移動・交通	1	東京各所に便利	1235840234
自然景観	1	大倉山公園の自然	1235840234
医療・福祉	-1	インフルエンザワクチンも高齢者有料	1235840234
買物・飲食	-1	高齢者に優しくなく住宅地でも飲食店がなくなって来ている	1235840234
住宅環境	1	静か	1231327446
移動・交通	1	便利	1231327446
買物・飲食	-1	飲食店	1231327446
遊び・娯楽	-1	店舗	1231327446
住宅環境	1	閑静である	1229341931
事故・犯罪	1	犯罪が周りで起きていない	1229341931
移動・交通	-1	自動車を手放した場合の交通手段が心配	1229341931
自然災害	-1	川が近いので	1229341931
自然景観	1	桜並木	1232200607
住宅環境	1	大通から少し入っていて閑静	1232200607
地域行政	-1	何もして貰っている感が無い	1232200607
医療・福祉	-1	地域の行政が動いている感じが全くしない	1232200607
医療・福祉	1	障害者へのサービスが手厚いから	1231985355
移動・交通	1	横浜市内の交通網が充実しており、外出に困ることがないから。	1231985355
地域行政	-1	公共サービスの改善がもっと早く行われるようになってほしいから。	1231985355
事故・犯罪	-1	地域によって偏りはあるが、ニュースなどで報道される犯罪が多いから。	1231985355
買物・飲食	1	スーパーやコンビニなどが多い	1236903679
移動・交通	1	駅やバス停などが多い	1236903679
医療・福祉	-1	大きな病院が無い	1236903679
自然景観	-1	自然が少ない	1236903679
住宅環境	1	昔ながらの田園地帯と住宅街が共存している点	1232954744
移動・交通	1	鉄道と幹線道路で東京方面と横浜方面両方の繁華街にアクセス出来る点	1232954744
公共空間	-1	信号のない横断歩道や大きめの交差点が多いが、横断歩道自体や停止線などの表示が不明瞭のまま何年も放置されている点	1232954744
買物・飲食	-1	徒歩圏内での商業施設が少ない点	1232954744
買物・飲食	1	ほぼ満足しています。	1235313111
医療・福祉	1	ほぼ満足しています。	1235313111
住宅環境	-1	引っ越したいです。	1235313111
事故・犯罪	-1	投げ捨てのごみが多いです。	1235313111
自然景観	1	緑が豊か	1236645272
買物・飲食	1	スーパーがある	1236645272
移動・交通	-1	電車の本数を増やして欲しい	1236645272
事故・犯罪	-1	事故を減らして欲しい	1236645272
住宅環境	1	比較的交通網が発達していて移動しやすい	1236698819
買物・飲食	1	買い物する場所が多くて困らない	1236698819
事故・犯罪	-1	都会ゆえに犯罪がやや多い	1236698819
自然景観	-1	自然がやや少ないと思われる	1236698819
住宅環境	1	安心安全##	1228646132
自然の恵み	1	近くに里山や畑がある。	1228646132
移動・交通	-1	バス便の充実	1228646132
事故・犯罪	-1	道路の補修	1228646132
事故・犯罪	1	安全性を脅かすことはほとんどない	1232218658
買物・飲食	1	適度の距離にスーパー、ショッピングセンターがある	1232218658
医療・福祉	-1	信頼できる病院	1232218658
地域行政	-1	税金の無駄遣いの防止	1232218658
環境共生	1	都会(新宿·横浜等)へも観光地(江ノ島·鎌倉·富士箱根等)へも比較的短時間で行ける立地。	1230490943
事故・犯罪	1	事件など殆ど起きないので。	1230490943
買物・飲食	-1	近くに大型スーパーが少ないので、茅ヶ崎市にできたら嬉しいです。	1230490943
遊び・娯楽	-1	引っ越してきた人が多く近所付き合いが殆どない。隣人と一緒に何か娯楽をすることなどまったくない。	1230490943
医療・福祉	1	大きな病院がある	1229737956
自然の恵み	1	大山があり自然が多い	1229737956
移動・交通	-1	車がないと移動しづらい	1229737956
事故・犯罪	-1	犯罪がおおくなってきたから	1229737956
自然の恵み	1	水が美味しい	1233811511
移動・交通	1	小田急線が急行でもとまるので便利	1233811511
医療・福祉	-1	かかりつけの病院がなくなった	1233811511
買物・飲食	-1	店が減っている	1233811511
買物・飲食	1	自宅から車で10分圏内にお店がある	1236998709
住宅環境	1	自宅からの景観を気に入ってる	1236998709
事故・犯罪	-1	自宅前の道路に暴走族がよく走っていて煩い	1236998709
公共空間	-1	歩き煙草とか犬のフン等の迷惑行為	1236998709
自然災害	1	津波の心配があまりない	1236297826
買物・飲食	1	特に困っていない	1236297826
子育て	-1	もっと子育てしやすい環境になればいい	1236297826
医療・福祉	-1	家の近くに耳鼻科がないので不便	1236297826
自然災害	1	あまり被災した記憶がない	1227950414
自然景観	1	そこそこ自然公園などがあるので	1227950414
買物・飲食	-1	昔からある商店などが減って代替サービスが見つからなかったりする事	1227950414
自然景観	-1	昔からあった緑が減るのは少しさびしい	1227950414
移動・交通	1	東京、神奈川県内等、行きやすく便利	1234509651
医療・福祉	1	病院が多くあり、また近いため安心している	1234509651
デジタル生活	-1	フリーWi-Fiが利用できる箇所が少ない	1234509651
自然景観	-1	公園や動物園など遊べる箇所が少ない	1234509651
住宅環境	1	どこを見ても緑がある。山に囲まれていて海もあります。田舎ですが、スーパーもあるし生活に不便はありません。	1226910085
医療・福祉	1	総合病院はありませんが専門的な個人病院が多く、不便はありません。	1226910085
移動・交通	-1	路線バスが通っているので基本的に移動に問題はないのですが、本数が少ないのでコミニュティバスなどを運行してほしいです。	1226910085
遊び・娯楽	-1	田舎なので娯楽施設がありません。多くは望まないので、映画館などがあると嬉しいです。	1226910085
買物・飲食	1	近くに店が多くある。	1230288734
住宅環境	1	自分の住んでいるところや周辺多とても静かな住環境	1230288734
事故・犯罪	-1	とくに最近凶悪犯罪が多いので。	1230288734
自然災害	-1	いろいろな災害が多い、都市災害とか。	1230288734
移動・交通	1	横浜線淵野辺駅利用していますが、橋本、町田で私鉄利用できるので以外と便利です	1234217841
自然景観	1	以外と身近に自然環境整っている##	1234217841
都市景観	-1	道路環境があまりに酷い、日常的に交通渋滞起こる改善してほしい##	1234217841
事故・犯罪	-1	治安の改善を徹底してほしいです##	1234217841
移動・交通	1	とにかくどこに行くにも便利	1235264803
買物・飲食	1	店がたくさんある	1235264803
事故・犯罪	-1	治安が良くない	1235264803
地域行政	-1	駅前のが騷しい	1235264803
医療・福祉	1	駅からは遠いが北里病院がある。##また、相模原、矢部には総合病院が駅近にあるから。	1235045410
移動・交通	1	町田で小田急線、橋本で京王線が利用できるから。##また、リニアも走るようになるから。	1235045410
買物・飲食	-1	相模原はショッピングモールが無いのでショッピングモールを建ててほしい	1235045410
事故・犯罪	-1	神奈川は青少年の犯罪が多いので何とかしてほしい	1235045410
買物・飲食	1	近くにいろいろな場所があり選択肢が多いので生活に便利。	1236009815
移動・交通	1	いろいろ交通手段がそろっているから移動が楽	1236009815
地域行政	-1	近隣自治体との行政サービスや手続き等での連携	1236009815
医療・福祉	-1	施設や周辺自治体との連携	1236009815
買物・飲食	1	すぐそこに生活に関わるお店があり、この状態はこの先も続きそうだから。	1233316834
移動・交通	1	バスを逃しても３分以内にはすぐに次のバスが来るのでストレスがない。電車も複数の路線があるので、一つがダメでも他を選べる。	1233316834
事故・犯罪	-1	夜になると人をだましそうな人がたくさん立っている。	1233316834
自然景観	-1	特に不満な項目がないので、消去法で選択しました。市街地なので自然は多くはないですが、少なくて困ることもないです。	1233316834
自然の恵み	1	帷子川が流れ、そこには、翡翠、セキレイ、白鷺などの鳥が、餌を求めてやってきます。また、市民の森があり、ここが本当に横浜という感じの自然があり、その自然を満喫しています。	1235701271
買物・飲食	1	買い物、飲食についてみ、横浜駅周辺、みなとみらいに行けば、何でも買えて食べることができます。	1235701271
移動・交通	-1	横浜でも、不便な場所はたくさんあり、これからバスの運転手不足により、さらにバス本数がなくなることが考えられますので、交通手段の対策をお願いしたいです。	1235701271
自然災害	-1	自然災害は、いつ来るか分からないので、それに対する対応をさらに強化して頂きたいと思います。	1235701271
自然景観	1	山に囲まれて春は桜もきれいで、四季を感じられる点です。	1233903776
自然の恵み	1	路地物の野菜を販売している場所が多く、安くておいしい野菜を購入できる点です。	1233903776
移動・交通	-1	駅までのバスの便が少なく、運賃が高い点を改善してほしいです。	1233903776
医療・福祉	-1	高齢者が多いので、近くに基幹病院があると良いと思います。	1233903776
自然災害	1	山崩れ・土砂崩れ、水害等の 災害を心配なくてよい。	1230069875
移動・交通	1	鉄道、バスが整備されており、自家用車も使用しやすい。	1230069875
地域行政	-1	高齢化、少子化に対する適切な対応	1230069875
デジタル生活	-1	デジタル社会への啓蒙と支援	1230069875
移動・交通	1	遠くに行きやすいところです。	1236648572
買物・飲食	1	スーパーがたくさんあり、満足できるところです。	1236648572
遊び・娯楽	-1	もう少し遊べるところがあればいいところです。	1236648572
事故・犯罪	-1	盗難とか減るといいです。	1236648572
住宅環境	1	田舎でごみごみしていない	1231422456
自然災害	1	たまに地震があるくらいで津波の心配はない	1231422456
移動・交通	-1	駅が遠く、路線バスも少ない	1231422456
公共空間	-1	公共施設は駅から遠く、利用しにくい	1231422456
移動・交通	1	交通の便利	1233386955
医療・福祉	1	福祉が充実	1233386955
自然災害	-1	津波対策	1233386955
自然の恵み	-1	南北で差が激しい	1233386955
住宅環境	1	特に不満なく暮らせているから	1229452217
移動・交通	1	特に不満のない交通手段があるから	1229452217
買物・飲食	-1	それなりに満足できる飲食が充実しているから	1229452217
遊び・娯楽	-1	なんとなく	1229452217
子育て	1	子供の医療費や就学援助	1237021595
買物・飲食	1	商業施設がまとまっている	1237021595
移動・交通	-1	休日の周辺道路の渋滞	1237021595
自然災害	-1	なかなか進まない河川工事	1237021595
買物・飲食	1	地域別の差はあれども昔から振り返ると、利用する施設の発展や建造がコンスタントに行われており、生活していくうえで不便を感じるような事は減ってきていると個人的には感じそれが満足という気持ちに繋がっている。	1236905658
自然景観	1	残すべき自然の維持と育み、新たに増やしていく取り組みなどが目立つほどではないが着実に見られている。事実、身近にあるものとして現在も周囲周辺に在ると感じているため。	1236905658
事故・犯罪	-1	年々悪化していると感じる治安の状態は、正直どういうアプローチから改善されるのか、改善を求めるべきなのか分からないというのが本音である。	1236905658
医療・福祉	-1	科別の専門の医院やクリニックの立地の偏りや少なさが地域地域で目立ってきている。商いである以上、病院経営も戦略的なものが求められるからとは言え、もう少し各所にあっていって欲しい。	1236905658
買物・飲食	1	駅にあるショッピングモールで買い物や飲食が完結できる	1235833675
移動・交通	1	駅に5つの路線が集まり交通の便が抜群	1235833675
遊び・娯楽	-1	映画館やゲームセンターやカラオケなどがあまり充実していない	1235833675
事故・犯罪	-1	幹線道路が多いせいか交通事故が多い気がする	1235833675
買物・飲食	1	徒歩圏内にスーパーがあり、コンビニも3件あって非常に便利。	1236845948
医療・福祉	1	徒歩圏内に様々な科の病院が入ったビルがある。	1236845948
事故・犯罪	-1	バイクを2度も盗まれた。	1236845948
買物・飲食	-1	買物は非常に便利だが、飲食店が少ない。	1236845948
移動・交通	1	都心に近い	1230152051
買物・飲食	1	新宿に近い	1230152051
買物・飲食	-1	地元駅に魅力的な商業施設が少ない	1230152051
買物・飲食	-1	地元駅に魅力的な飲食店が少ない	1230152051
移動・交通	1	自宅が駅から５分に位置しており、２つの鉄道会社の駅が使用できるため、都心に出るにも１時間以内で行け、便利な立地。	1232036434
買物・飲食	1	自宅から５分以内にスーパーうあ個人商店が立ち並んでいる。	1232036434
医療・福祉	-1	大きな総合病院から個人クリニックまで徒歩で通える。	1232036434
自然災害	-1	地震に強い地盤のため、安心して暮らせる。	1232036434
移動・交通	1	複数のJR駅に出やすい。	1236527676
自然景観	1	緑が多く、ハイキングコースや観光地が多い	1236527676
公共空間	-1	観光客によるオーバーツーリズム対策	1236527676
自然災害	-1	台風の影響で通行が難しくなったハイキングコースが残っている	1236527676
自然災害	1	安全に感じる	1233041819
移動・交通	1	なんとなく	1233041819
買物・飲食	-1	スーパーが近くにあればいい	1233041819
医療・福祉	-1	近くにあればいい	1233041819
買物・飲食	1	自宅近くに小売店や飲食店が多く行くのが楽しい	1231153646
遊び・娯楽	1	図書館が多くお金をかけずに楽しめる	1231153646
都市景観	-1	歩道の雑草が伸びっぱなしになっていて、歩きづらく見た目も悪い	1231153646
買物・飲食	-1	お得なキャンペーンを増やしてほしい　商店街に人が集まるイベントを増やしてほしい	1231153646
住宅環境	1	家賃が安いことです。	1236315253
移動・交通	1	路線が多いことです。	1236315253
遊び・娯楽	-1	路線を多くして欲しい。	1236315253
初等・中等教育	-1	学校が少なすぎる。	1236315253
移動・交通	1	鉄道網が発達している	1236690958
遊び・娯楽	1	東京が近い	1236690958
事故・犯罪	-1	外国人が多い	1236690958
自然の恵み	-1	都市化しすぎ	1236690958
移動・交通	1	小田急線が便利だから	1234385052
自然景観	1	大山があるから	1234385052
遊び・娯楽	-1	娯楽施設が少ない	1234385052
地域行政	-1	市会議員が頼りない	1234385052
移動・交通	1	電車やバスの便が充実していて、駅やバス停も近くにある。	1235793828
医療・福祉	1	病院や診療所が徒歩圏にたくさんあること。	1235793828
買物・飲食	-1	駅周りのお店の種類が偏っているので、色々な店舗があればいいと思う。	1235793828
遊び・娯楽	-1	あまり娯楽スポットがないので、もう少し色々とあればいいと思う。	1235793828
住宅環境	1	緑や公園が多く、子育てしやすい地域だから	1232873292
遊び・娯楽	1	周囲に商業施設などが多く便利だから	1232873292
公共空間	-1	もっと公共の場所を活用して仕事などに使えるようにしてほしい	1232873292
事故・犯罪	-1	外国人の方が増えって少し治安が悪くなったきがする	1232873292
移動・交通	1	南区はJR及び小田急町田駅に近くまた、東名高速横浜町田IC,圏央道相模原愛原ICも近く交通の便が良い	1230595401
医療・福祉	1	北里大学病院をはじめ高度な医療機関や中規模医療機関、町医者も多くあり困らない	1230595401
地域行政	-1	地域住民への還元がない	1230595401
デジタル生活	-1	デジタル化が遅れている	1230595401
住宅環境	1	駅がないので、家賃が安い。	1233608114
自然災害	1	比較的高台にあるので、水害の心配がない。	1233608114
移動・交通	-1	道が狭いため交通渋滞がひどいので、拡幅工事をして欲しい。	1233608114
事故・犯罪	-1	犯罪率が高いので、警察署を独立で設置して欲しい。	1233608114
医療・福祉	1	各種医療機関が近くにある。	1229032358
買物・飲食	1	生活圏内に多くのスーパーマーケットがあり、価格も安い	1229032358
遊び・娯楽	-1	公園以外の遊び場が少ない	1229032358
買物・飲食	-1	スーパーマーケットは、多いがコンビニが非常に少ない	1229032358
自然の恵み	1	緑が多く温暖で季節的な気象災害も少ない点	1234371607
移動・交通	1	新宿にも横浜にも電車一本で乗り換え無しで行ける点	1234371607
移動・交通	-1	中央リニア新幹線の一日も早く開業して欲しい	1234371607
公共空間	-1	橋本駅南側の開発計画を早く具体化して欲しい	1234371607
移動・交通	1	公共交通機関が発達していて移動に便利だから。	1236710578
買物・飲食	1	さまざまな飲食店が近くにあって便利だから。	1236710578
地域行政	-1	より市民のことを考えた政治や行政を期待しているから。	1236710578
自然景観	-1	自然あふれる環境がもう少し増えてほしいと思うから。	1236710578
遊び・娯楽	1	近くに子供が遊べる公園があり、満足している。	1233580936
医療・福祉	1	病院が多く、医療施設が充実している。	1233580936
事故・犯罪	-1	軽犯罪が多いような気がする。	1233580936
初等・中等教育	-1	国際化に伴い、インターナショナルスクールを増やして欲しい。	1233580936
移動・交通	1	鉄道を始め、公共交通機関が整備されている	1234998054
環境共生	1	少し歩けば、川のせせらぎがあり樹木や公園も数多い。	1234998054
自然災害	-1	埼玉県と比べ、地域防災力と伝達力が劣っていて、大規模地震などが起こった際、人口も多いし対応が出来ないと思う。	1234998054
自然災害	-1	かり	1234998054
住宅環境	1	閑静な住宅街がおおい	1234523578
移動・交通	1	複数の路線が使える	1234523578
子育て	-1	比較的子育て支援の施策が手薄。学校給食が貧弱。	1234523578
医療・福祉	-1	核になる医療機関が少ない	1234523578
住宅環境	1	幹線道路から離れているので静か	1230417578
医療・福祉	1	介護関係の施設が多い	1230417578
移動・交通	-1	バス路線が少ない	1230417578
自然災害	-1	近くに崖や川があり心配	1230417578
買物・飲食	1	生活に必要な買い物が歩きor自転車の圏内で概ね済むため。	1236315724
医療・福祉	1	日頃使うクリニックが近所にあって、そこから大きな病院が必要になっても複数建ってるので困る事が無い。	1236315724
移動・交通	-1	川崎市の中央部分に鉄道を通す計画が複数あったがいずれも中止にされてしまい不便なまま放置されている事が不満です。計画を再開してほしい。できないなら自動運転インフラ導入を積極的に取り入れる政策を行ってほしい。##市バスの本数がとても少なく交通手段としてアテにするのは難しいので本数を増やしてほしい。	1236315724
遊び・娯楽	-1	映画館が川崎に集中してるので溝の口のあたりにも誘致してほしい。	1236315724
自然災害	1	地理的にあらゆる災害に強いので	1234339266
医療・福祉	1	大きな病院が程よい距離にいくつかあるので	1234339266
事故・犯罪	-1	警察の腐敗を正して欲しい	1234339266
遊び・娯楽	-1	スポットとなるようなエリアが基本無いので	1234339266
自然災害	1	今のところ水害も地震も被害を受けていない	1231394186
医療・福祉	1	今のところ病院に行けなくなることはない	1231394186
移動・交通	-1	横浜市営地下鉄延伸早期実現	1231394186
買物・飲食	-1	肉屋も魚屋もない	1231394186
買物・飲食	1	便利	1233001383
移動・交通	1	便利	1233001383
地域行政	-1	税金の無駄遣い	1233001383
移動・交通	-1	利便	1233001383
自然景観	1	前に海、後が山で自然に恵まれ神社仏閣が多数ある	1233246317
事故・犯罪	1	治安が良くあまり大きな犯罪は起きない	1233246317
医療・福祉	-1	行政の規模が政令都市に比べ小さい為行届いていない	1233246317
買物・飲食	-1	物価が高い。品数が少ない	1233246317
自然景観	1	川の近くにいると、都市部では見られない生き物を見ることが出来るため	1233473110
移動・交通	1	都内、横浜駅などの大きな駅への交通が便利なため	1233473110
自然災害	-1	避難所など、災害時に利用できない人が絶対数で出てくる点に関しての取り組み	1233473110
事故・犯罪	-1	幹線道路などスピードを出す車が多く、怖い点	1233473110
移動・交通	1	車がなくても不便ではない	1236180986
買物・飲食	1	商業施設が多いから	1236180986
地域行政	-1	市が大きすぎて手が回っていない。住民に何でもやらせようとする姿勢が明らかであるところ。	1236180986
自然災害	-1	人口が多すぎて対策が不十分だと感じる。実際に災害にあったらあっという間にキャパオーバーになりそう	1236180986
事故・犯罪	1	少ない	1225892686
買物・飲食	1	コンビになどが多い	1225892686
地域行政	-1	借金が多すぎてサービスが悪化の一途	1225892686
医療・福祉	-1	まともな病院が無い	1225892686
買物・飲食	1	飲食店は接待が良いところが多く、エチエンヌやリリエンベルグなどもある。	1236894835
事故・犯罪	1	犯罪件数がすごくすくない	1236894835
遊び・娯楽	-1	娯楽施設（高校生用）はぜんぜんない。	1236894835
自然の恵み	-1	花などが道にない。みどりがない	1236894835
医療・福祉	1	自分の母は高齢なので需実したサービスが多いと思います	1234350433
住宅環境	1	公園などが多く散歩コースに困らない	1234350433
自然災害	-1	富士山の噴火が一番気になる、あとすぐ停電になる	1234350433
移動・交通	-1	バス停が少ない	1234350433
移動・交通	1	住んでいる地域から駅まで近い。JR、地下鉄、バスも充実している。横浜新道、国道一号線など車移動も便利。	1233038123
自然景観	1	住宅も多いが、少しいくと自然も豊かで良い。	1233038123
地域行政	-1	子育て支援。東京に比べて遅れている。	1233038123
医療・福祉	-1	病院は多いが、評判の良い病院はあまりきかない。	1233038123
自然景観	1	市内や市内から見える場所に海や山があること。特に山は、季節の移り変わりを感じられてとても良い。	1237040488
移動・交通	1	小田急線、JR線湘南新宿ラインのどちらにもアクセスしやすい点。	1237040488
地域行政	-1	諸申請のデジタル化が不十分。庁舎へ赴かずとも自宅で手続きが完結するようなシステムを構築してほしい。	1237040488
医療・福祉	-1	特定の検診や予防接種を受けられる病院が少ないと感じる。	1237040488
買物・飲食	1	近隣に複数のスーパーや様々な飲食があり、遠出する事なく済ませられる	1231983004
自然災害	1	津波をの心配は必要ないようだ	1231983004
事故・犯罪	-1	警察の働きはあまり関心出来ない。事故や犯罪は他地域より多く感じる。	1231983004
子育て	-1	子育て世帯が多くはない	1231983004
移動・交通	1	近くに駅や長後街道などがありとても便利	1236725442
買物・飲食	1	近くにスーパーが新しく出来たりしたのですぐに買い物に行ける。	1236725442
医療・福祉	-1	近くに大きな病院がなく大きな病院があるのが少し遠いから	1236725442
遊び・娯楽	-1	近くに公園が少なくもう少し公園などが多いと良いなと思います	1236725442
自然の恵み	1	山、海のほか、公園などもある	1227452706
事故・犯罪	1	周辺で大きな犯罪は起きていない	1227452706
移動・交通	-1	近くに鉄道の駅がない	1227452706
買物・飲食	-1	近くにスーパーが少ない	1227452706
都市景観	1	新しい物と古い物、現代の物と昔の物がうまく調和していて魅力的な都市になっている。	1227356168
自然の恵み	1	都市部と郊外と自然がほどよくあり、調和していて過ごしやすい土地を形成している。	1227356168
自然の恵み	-1	大都市がある反面、海もあり、山もあり、自然に恵まれている。	1227356168
子育て	-1	昔の良いものと国際都市うまく融和していて、教育には良い環境になっている。	1227356168
住宅環境	1	３	1225689184
住宅環境	1	集合住宅の賃貸の家賃が都内と比べると安い	1233482526
移動・交通	1	都内への通勤が許容範囲だから	1233482526
買物・飲食	-1	スーパーが少ないかなと思う	1233482526
買物・飲食	-1	飲食店も少ないかなと思う	1233482526
買物・飲食	1	大きめの商業施設が各所にあって選択肢が多いところ	1235472501
移動・交通	1	車がなくても困らないところ。東京まで近いこと。空港や新幹線も使いやすい	1235472501
地域行政	-1	横浜で生まれ育った後、何度か地方へ引っ越してまた帰ってきました。他のところより住民サービスの質がものすごく低い。住民にお金をかけない姿勢がすごい。	1235472501
自然災害	-1	災害時人口が多すぎて対応できないのではないか。シミュレーションをしっかりしてほしい	1235472501
移動・交通	1	横浜駅やみなとみらいに行くための交通機関が充実している。	1233779843
自然景観	1	近くにこども自然公園があります。	1233779843
買物・飲食	-1	スーパーが1つあるだけで、商品価格が高いこと。	1233779843
地域行政	-1	徒歩圏内に図書館が欲しい。	1233779843
都市景観	1	他府県の人からうらやましがられる	1230928903
移動・交通	1	交通が便利で車がなくても移動が楽	1230928903
自然災害	-1	都市部でありながら土ス砂くずれするなど災害によわい	1230928903
医療・福祉	-1	優良な病院が少ない上に混みすぎ	1230928903
住宅環境	1	大都市である東京にも近く、一方で自然も多く、バランスのいいエリアだと思っているので。	1236131468
買物・飲食	1	チェーン展開しているお店がたくさんあり、かつ商店街の個人商店も頑張っていて、住民にとっては選択肢が色々あることが満足。	1236131468
子育て	-1	隣の東京都に比べて、子育て世代への経済的恩恵がお粗末すぎる。私立中学無償化も所得制限ありで、納税を多くしている層への配慮が全くない。大都市であるという矜持を持ってほしい。	1236131468
医療・福祉	-1	子供の所得制限なしの医療費無償化を１８歳まで拡大してほしい。	1236131468
医療・福祉	1	精神障害者なのですが医療費が無料なのは本当にありがたいです	1234539975
事故・犯罪	1	物騒な話は一切聞かないので治安はかなり良い方だと思います	1234539975
買物・飲食	-1	スーパーは駅周辺にしかないのでとても不便です##元々全体的に高いのですが値上げしてからは気軽に買うことができず車で隣の逗子まで買いに行っています	1234539975
移動・交通	-1	近所のバス停は朝と夕方以降以外は1時間に2本しかないのでとても不便です##せめて3本にして頂きたいです	1234539975
買物・飲食	1	価格の安いスーパーがある	1235962111
住宅環境	1	一戸建てなので騒音とかがあまりきにならない	1235962111
移動・交通	-1	最終バスの時間が早いので深夜バスを出してもらいたい	1235962111
遊び・娯楽	-1	もっと娯楽施設を増やしてほしい	1235962111
移動・交通	1	交通の便が良い	1235411271
環境共生	1	都市部でありながら、自然豊かな街で落ち着いている	1235411271
買物・飲食	-1	商業施設の多さが発展途上	1235411271
子育て	-1	保育園がなかなか入れないと聞いた	1235411271
自然景観	1	海が近く、歩いていけるので気軽に行ける。##また山もあって富士山もよく見えるので景観がいいと感じる。	1235877016
買物・飲食	1	都市部に比べたら、お店は少ないものの、中心部には大型店舗もたくさんあり、コンビニやスーパーも各所に点在しているので、便利。	1235877016
移動・交通	-1	車の渋滞を改善してほしいと思う。##特に街中、土日などは渋滞がすごく移動にかなりの時間がかかりストレスもたまる。信号が短かったり、道路が狭い箇所、右折レーンがないところなど、渋滞の原因となるものがあるので改善してほしい。	1235877016
地域行政	-1	自分は障害者で、障害福祉課によく電話するが、対応がよくないと感じる。言葉遣いや言い方など。##それゆえに電話するのを躊躇してしまいそうになる。	1235877016
住宅環境	1	自転車で移動の範囲に何でもあり、何をするにも便利	1235938627
買物・飲食	1	スーパーが近くに複数あり、欲しいものを選べる	1235938627
買物・飲食	1	飲食店が充実している	1235489464
公共空間	1	病院や区役所など行きやすい	1235489464
環境共生	-1	ゴミが多い	1235489464
事故・犯罪	-1	夜ね治安が良くない	1235489464
買物・飲食	1	家の近くにスーパー、コンビニ、ドラッグストアがある	1229563186
医療・福祉	1	家の近くに医療機関が複数ある	1229563186
地域行政	-1	住民税が高い	1229563186
自然の恵み	-1	緑地が少ない	1229563186
買物・飲食	1	最寄り駅周辺にスーパーが3件、ドラッグストア2件。コンビニは3.4件あり、時間問わず、急な買い物にも困らない。	1232532290
移動・交通	1	最寄り駅から職場まで1時間程度かかるが、電車1本で行ける。都市部にも出やすい路線。	1232532290
医療・福祉	-1	大きな病院が縮小していっている。設備も貧弱になっていてそのうちなくなるんじゃないかと不安。対して、接骨院や処方箋薬局は飽和状態なのにまだ増えそう。	1232532290
事故・犯罪	-1	市内で凶悪事件が多い。一体どうなっているんだ。	1232532290
公共空間	1	設備が新しく整っている	1235987498
自然の恵み	1	森もあり、緑が多い	1235987498
事故・犯罪	-1	治安がもっと良くなると良い	1235987498
買物・飲食	-1	お得感が少ない	1235987498
自然災害	1	対策がしっかりなされてる	1236318413
初等・中等教育	1	対策がしっかりなされてる	1236318413
医療・福祉	-1	対策がしっかりなされてる	1236318413
子育て	-1	対策がしっかりなされてる	1236318413
住宅環境	1	都心へ出て行く交通の便が良い割には海、山の自然に恵まれていている。普段の買物、医療機関もそれなりに揃っている。程よく都会で程よく田舎なのが良い。	1234683287
自然景観	1	海も山も身近に感じられ、公園も多い。	1234683287
地域行政	-1	他地域に比べても高齢者の割合が著しく多い地域の活性化はどうしたら良いのか？…。リーダーシップを取っていた年代も高齢化して次の担い手がなかなか見つからない。	1234683287
移動・交通	-1	バスルートの維持。増便は難しいかも知れないが減便は避けて欲しい。	1234683287
買物・飲食	1	色んな店がある	1236967621
遊び・娯楽	1	本数が多い	1236967621
地域行政	-1	ダメ	1236967621
子育て	-1	ダメ	1236967621
初等・中等教育	1	小学校に自宅から近い	1236633127
事故・犯罪	1	老人が多いので治安は悪くない	1236633127
移動・交通	-1	相鉄線が止まったら逃げ場無し	1236633127
自然災害	-1	古い家が多いので地震による倒壊が怖い	1236633127
住宅環境	1	都市整備	1233760218
移動・交通	1	公共交通機関	1233760218
地域行政	-1	生活保護	1233760218
地域行政	-1	税金	1233760218
自然景観	1	海が近く、駅前も商店街が広がっていて、ほどほどに発展していてとても住みやすい点。	1236773655
移動・交通	1	東海道線と相模線があるので、小田原、都内、海老名方面へと気軽に行ける点	1236773655
公共空間	-1	図書館の平日、祝日の開業時間を２０時くらいまで伸ばしてほしい	1236773655
遊び・娯楽	-1	北口のパチンコ屋の周りがタバコ臭いので改善してほしい	1236773655
自然景観	1	金沢八景に居住しており、海、山が近い。	1233877116
初等・中等教育	1	近くに保育園～大学迄の教育機関が揃っている。	1233877116
買物・飲食	-1	近所に飲食店を増やして欲しい。	1233877116
移動・交通	-1	自転車専用道路を増やして欲しい。	1233877116
都市景観	1	街並みもきれいで、とても過ごしやすい	1231631796
移動・交通	1	利便性も良く、とてもよいと思う。	1231631796
事故・犯罪	-1	治安があまりよくないので、しっかり整備してほしいです。	1231631796
デジタル生活	-1	もっとキャンペーンを行ってほしいです。	1231631796
買物・飲食	1	徒歩1~5分にコンビニ、スーパー、ドラックストア等があって便利。	1233466201
移動・交通	1	JR、京急、臨港バス、全て徒歩圏内。	1233466201
環境共生	-1	ゴミの集積所が少し汚ない。	1233466201
自然災害	-1	少し心配。	1233466201
医療・福祉	1	湘南鎌倉総合病院の救命救急がある。	1228579211
移動・交通	1	交通アクセスが良い	1228579211
地域行政	-1	オーバーツーリズム	1228579211
買物・飲食	-1	飲食店が少なくなっている	1228579211
住宅環境	1	都心部に比べ安価で広い	1229439441
自然景観	1	山あり	1229439441
移動・交通	-1	電車の利便性	1229439441
事故・犯罪	-1	不審者もいる	1229439441
買物・飲食	1	横浜駅周辺のお店が充実している。	1237037778
住宅環境	1	横浜駅に近い場所に住んでいる。	1237037778
子育て	-1	子育て支援の費用を自治体から出してほしい。	1237037778
初等・中等教育	-1	教育費の補助を自治体にお願いしたい。	1237037778
移動・交通	1	都心までのアクセスが楽	1235837916
住宅環境	1	それほどごみごみしてない	1235837916
子育て	-1	保育園が少ない	1235837916
買物・飲食	-1	夜まで営業している飲食店が少ない	1235837916
移動・交通	1	公共交通機関が豊富で日常の移動に困ることがほぼ無い事	1235094633
自然景観	1	中心部を外れると自然が豊富に残っていて緑と触れ合うことが出来る	1235094633
地域行政	-1	住民税が高いわりに図書館などの施設が非常に貧弱	1235094633
住宅環境	-1	部屋の広さのわりに家賃相場が高い	1235094633
買物・飲食	1	食料品や日用品、衣類などの生活必需品を購入出来る場所の選択肢が多くある。##飲食店もチェーン店などの気軽なお店、ホテルなどの高級志向なお店、手軽な個人店など、選択肢が潤沢にある。	1230092696
都市景観	1	みなとみらい地区は観光地としても、オフィス街としても発展を続けている。	1230092696
自然景観	-1	意外と山地が多く、緑が豊富にある。##また、山下公園や港の見える丘公園など、緑が豊富にある公園も多くある。	1230092696
移動・交通	-1	中区は都心部だと思いますが、住宅地方面の交通がバスが主になっており、鉄道は少し不便だったりする。	1230092696
住宅環境	1	自然が豊	1227374968
移動・交通	1	住宅地なので移動する車がないにもかかわらず##バス路線が充実している	1227374968
買物・飲食	-1	移動販売のスーパーがあれば良い	1227374968
自然災害	-1	高台の地域のため停電時には断水になる可能性がある	1227374968
買物・飲食	1	ご飯やスイーツなど、東京となんら遜色がないのに安くて美味しいため	1234914771
遊び・娯楽	1	有名な観光スポットが多い。他にも近場にタダで遊べる場所や、緑も多く広い公園が多い	1234914771
事故・犯罪	-1	川崎や湘南など治安が悪いエリアが多い	1234914771
デジタル生活	-1	政治家の中にデジタル面に明るい人間が全くいない	1234914771
事故・犯罪	1	治安がよい	1230150615
事故・犯罪	1	治安が良い	1230150615
買物・飲食	-1	ショッピングモールとかが少ない	1230150615
移動・交通	-1	電車の本数が少ない	1230150615
買物・飲食	1	大型スーパーなどが結構ある	1236532447
買物・飲食	1	アクセスしやすい場所にスーパーなどが結構ある	1236532447
事故・犯罪	-1	空き巣などが増加しているため、パトロールを増やして欲しい	1236532447
移動・交通	-1	場所によってはバスの本数が少ないので、増やして欲しい	1236532447
移動・交通	1	安くて早く移動できる。道がこまない	1233241675
買物・飲食	1	近くで済む	1233241675
都市景観	-1	緑も豊か	1233241675
自然災害	-1	つよい	1233241675
自然の恵み	1	水の美味しさ、自然へのアクセスの良さ	1236902867
移動・交通	1	駅や高速道路のインターが多く便利	1236902867
移動・交通	-1	道路の痛みがひどい箇所がある##交通量に対して道幅が狭い箇所がある	1236902867
公共空間	-1	体育館に屋内プールを作って欲しい	1236902867
住宅環境	1	団地に住んでいるが、敷地内に学校からスーパー、病院まですべてが揃っており、ここだけで生活が完結できること。	1233599704
子育て	1	公園や文化施設が近くにあり、子供の発達相談ができるから。	1233599704
自然の恵み	-1	地域に自然が少ないと感じる。また、車の排気ガスや工場のにおいが気になるので、改善が必要である。	1233599704
事故・犯罪	-1	治安が少し悪いように感じる。子供の成長において、心配であるから。	1233599704
住宅環境	1	田舎過ぎず、都会過ぎず	1233732889
自然景観	1	海のある生活と、田園のある生活	1233732889
移動・交通	-1	道路整備は必要	1233732889
自然災害	-1	津波対策	1233732889
住宅環境	1	小さな町だけど気候もよく災害の心配があまり無い	1232605563
自然景観	1	緑が多く寒川神社が有名	1232605563
移動・交通	-1	相模線の本数を増やしてほしい	1232605563
買物・飲食	-1	大きなショッピングモールが少なくもっと便利になってほしい	1232605563
移動・交通	1	地域のコミュニティバスが運行されている	1234144818
買物・飲食	1	大型スーパーが充実している	1234144818
医療・福祉	-1	特定検診等、隣の相模原市の病院も対象にしてほしい	1234144818
公共空間	-1	立派な図書館があるとよい	1234144818
移動・交通	1	都内にも出やすいですし、ほとんどのことは横浜市内で済ませることができるので	1232063873
買物・飲食	1	横浜市内でほとんどのものがそろうため	1232063873
デジタル生活	-1	市が率先して、デジタル生活を推し進める施策をしてほしい	1232063873
住宅環境	-1	住宅購入に補助を出してほしい	1232063873
自然の恵み	1	海があり、山もあり、緑豊かで公園等もたくさんあるところ。	1232508684
自然の恵み	1	すべてで自然豊かなところ。	1232508684
医療・福祉	-1	大きい病院が少なく、しかも古い。高齢者が多いのに、入院できるベッド数が少ないのではないかと思う。	1232508684
買物・飲食	-1	買い物難民もでるのではないかと思うほど不自由。県立大学など1か所にかたまっていて、しかも駅から遠くて、車のある人向けのお店が多い。	1232508684
移動・交通	1	電車の駅が、鹿島田駅と新川崎駅が、徒歩10分以内にあり、バス停は、家の目の前にある。##また、駅と同様に、商業施設も充実しており、徒歩圏内にある。	1236618153
初等・中等教育	1	小学校や中学校は、近くにあり、幼稚園や保育園もすぐ近くに、数件ある。##塾もかなり充実している。	1236618153
公共空間	-1	市役所や図書館、体育館が、同じ場所にあるが、中途半端な距離で、歩いていくにはちょっと遠いいし、バスで行くにはちょっとお金を払うには躊躇する距離にある。	1236618153
自然景観	-1	都会であるので、自然の猪足空間がない。##作られた、広場や公園は、あるが自然環境とはいいがたい。	1236618153
自然景観	1	緑が多い。樹木が多い	1230516385
自然の恵み	1	富士山と梅景観がよい。海からみる箱根連山の景観もよい	1230516385
住宅環境	-1	箱物が多い##	1230516385
地域行政	-1	自民系の市長なので色色なめんでこまる	1230516385
自然景観	1	都会すぎず田舎すぎず、少し歩けば自然を感じられる公園や川沿いには期間限定でホタルが見れる場所があったり。	1236923301
移動・交通	1	電車で一駅二駅先には海老名や大和に出れる。##	1236923301
子育て	-1	子育て支援にもう少し力を入れて欲しい。子供が育てやすい環境だからこそ、そこが改善されれば尚良い。	1236923301
買物・飲食	-1	飲食店が少ない。最近は少しずつ増えてきたとは思うけど、駅チカは居酒屋ばっかり。	1236923301
買物・飲食	1	買い物や飲食の商業施設が充実していることです。	1231785741
移動・交通	1	何処に移動するにしても、バスや鉄道の便が良いことです。	1231785741
公共空間	-1	最寄駅について、エスカレーターなどが少なく階段利用となるため、高齢者のことを考えて改善して欲しいです。	1231785741
都市景観	-1	地元の街並みは都市計画なく行われているため改善して欲しいです。	1231785741
医療・福祉	1	医療施設の選定が出来る程たくさんある	1235699905
買物・飲食	1	施設がたくさんあるので満足	1235699905
事故・犯罪	-1	治安強化	1235699905
移動・交通	-1	渋滞の解消等	1235699905
医療・福祉	1	徒歩10分以内に内科、歯科、外科、皮膚科、総合病院等があり年寄りには大変有り難いです。	1236331001
買物・飲食	1	スーパーや専門店が多くて買い物やショッピングに便利です。	1236331001
移動・交通	-1	複数の鉄道や交通機関の充実が望まれる。	1236331001
デジタル生活	-1	アナログでも対応してくれる、行政の確保。	1236331001
移動・交通	1	車がなくても生活できる	1231621938
買物・飲食	1	最寄りの駅ですべて事足りる	1231621938
医療・福祉	-1	大都市のわりに大病院が少ない。また、すべてにおいて東京に負けてる。所得に関わらず高校の無償化や高校生までの医療費無償化もまだ。市長が頼りにならない。	1231621938
デジタル生活	-1	区役所に行かなくても手続きができるようにしてほしい	1231621938
住宅環境	1	駅チカ	1236971671
事故・犯罪	1	犯罪少ない	1236971671
自然災害	-1	地盤	1236971671
都市景観	-1	ビルが高い	1236971671
自然の恵み	1	少し行けばちょっとした森や竹林があり、たぬきや蛇などの遭遇率が高いです。	1235903565
移動・交通	1	バスで30分もあればアクセスの良い駅があります。	1235903565
事故・犯罪	-1	川崎は治安が悪いと思われがちな事件が多いです。警察の対応もイマイチだとの噂を多いです。	1235903565
医療・福祉	-1	歯医者ばかりな気がします。あっても山の上など立地アクセスが悪いです。	1235903565
買物・飲食	1	チェーン店でない美味しい飲食店が有る。	1236841072
住宅環境	1	雪が滅多に積もらない、晴れてる日が多い。	1236841072
住宅環境	-1	場所によって住宅街なのに風向きや時間を考えない野焼きが多くて健康被害や洗濯被害が辛い。	1236841072
環境共生	-1	スギ花粉対策をしてほしい。	1236841072
買物・飲食	1	いろいろある	1233204775
地域行政	-1	図書館がしょぼい	1233204775
事故・犯罪	-1	治安が悪いところもある	1233204775
遊び・娯楽	1	いろいろな施設が徒歩圏内にまとまっている。アミューズメント施設とショッピングモールが多い。	1232255835
都市景観	1	歴史的建造物が数多く残っている。保全活動も盛ん。	1232255835
子育て	-1	他自治体に比べて子育て関連の助成制度が少ない。給食も無料ではない。	1232255835
地域行政	-1	公務員としての矜持を感じない。隠蔽体質が目立つ。	1232255835
自然景観	1	自宅からの景観に満足している。山の斜面の緑が間近に見える。	1229130520
買物・飲食	1	散歩程度に歩く距離にスーパー、コンビニ、飲食店があり便利。	1229130520
地域行政	-1	特に改善の必要なし。	1229130520
遊び・娯楽	-1	特に改善の必要なし。	1229130520
住宅環境	1	過ごしやすい	1224969646
移動・交通	1	駅やバス停が近い	1224969646
買物・飲食	-1	スーパーが近くに欲しい	1224969646
地域行政	-1	無駄な公共工事は止めてほしい	1224969646
買物・飲食	1	東京まで行かなくても大体の者が手に入る便利な街だよ横浜	1233936902
公共空間	1	東京から程よく離れていて公共機関も土地が広く建てられる	1233936902
都市景観	-1	いつでも素敵なみなとみらい地区、観光ではなく普通に散歩気分で会楽しめる	1233936902
子育て	-1	子育て支援は次世代の為の是非お願いしたい	1233936902
移動・交通	1	新宿や横浜など都市部へのアクセスがよいため。	1236273379
自然景観	1	江ノ島や鎌倉などの観光地が近いため。	1236273379
自然災害	-1	海岸が近いため津波対策などが充実すると安心できる。	1236273379
デジタル生活	-1	迷子の放送など良くも悪くも田舎っぽさが残っているのでデジタル技術でアップデートできれば良いと思う。	1236273379
買物・飲食	1	大手チェーンのお店から、地元の飲食店もたくさんあり選択肢が豊富	1237004539
自然景観	1	海沿いの景色はやはり気持ちが良くて好きです。	1237004539
移動・交通	-1	善行団地方面から俣野小学校方面に路線バスができて欲しい。	1237004539
初等・中等教育	-1	小学校のトイレがまだ和式が多く、子供はあまり使いたがらないのでもっと洋式化してほしい。	1237004539
住宅環境	1	東京、横浜などへのアクセスが良く、家賃が安い。	1231528317
自然景観	1	自然が多い	1231528317
子育て	-1	子育てに優しい政策が欲しい	1231528317
地域行政	-1	もっとDXを進めて欲しい	1231528317
移動・交通	1	電車	1234433237
買物・飲食	1	量販店の数	1234433237
住宅環境	-1	道路の路面	1234433237
移動・交通	-1	鶴見の踏切	1234433237
自然災害	1	自然災害が少なく安心して暮らせている点で満足している	1234508164
医療・福祉	1	かかりつけの病院も大きな病院も近くにあり不安はない点	1234508164
事故・犯罪	-1	地域犯罪をなくしてほしい	1234508164
地域行政	-1	行政が入り組んでて問題が起こった時にどの課に行けばいいかわからないこと	1234508164
住宅環境	1	買い物できる場所が近い	1232434398
移動・交通	1	バスが多い	1232434398
遊び・娯楽	-1	犬と暮らしやすい街にして欲しい	1232434398
地域行政	-1	交通渋滞	1232434398
自然の恵み	1	地元の野菜や魚介類が美味しい	1233829605
事故・犯罪	1	犯罪件数は比較的少ない方ではないかと思う	1233829605
移動・交通	-1	災害時、国道が塞がった場合、陸の孤島になる危険性が高い	1233829605
デジタル生活	-1	電波や通信の状況が非常に悪い	1233829605
買物・飲食	1	個人店からショッピングモールまで多種多様な店が有る	1229771340
移動・交通	1	電車やバスがそれなりに有る	1229771340
住宅環境	-1	家賃とか意外と高い	1229771340
医療・福祉	-1	市内に大きな病院が少ない	1229771340
自然景観	1	周りが山なので景色が良くて静かで、住み心地は良いです。	1228123426
自然の恵み	1	自然が豊かなので、散歩など良い。	1228123426
移動・交通	-1	バスが早い時間帯で無くなってしまい、タクシーも無いので、夜遅くまで出かけられない。せめてタクシーがあれば。	1228123426
買物・飲食	-1	飲食店が無いので、外食の時はかなり遠くまで行かないと。	1228123426
移動・交通	1	小田急線の相模大野駅が最寄り駅なので、各方面へのアクセスが容易なためです。	1230341764
買物・飲食	1	商業施設が充実しています。	1230341764
自然災害	-1	将来への備えとして。	1230341764
事故・犯罪	-1	危機管理のため。	1230341764
子育て	1	同世代の人が比較的多く、家族ぐるみで仲良くできる人がいること	1235608322
買物・飲食	1	近隣にスーパーやドラッグストアが多い	1235608322
移動・交通	-1	最寄り駅までのアクセスが悪すぎる	1235608322
地域行政	-1	行政とどのように関わればよいか分からない	1235608322
自然景観	1	ちょっと歩けば富士山が見える事。	1232580852
初等・中等教育	1	小学校、中学校がすぐ近くにある事。	1232580852
自然災害	-1	もし万が一大地震が発生して津波が起こったとしたら、被害を受けることが予想されるため	1232580852
遊び・娯楽	-1	バカなサーファーが多く、迷惑しているから	1232580852
買物・飲食	1	買い物しやすい	1227180545
移動・交通	1	交通に便利	1227180545
医療・福祉	-1	病院が近くにない	1227180545
遊び・娯楽	-1	遊び場が少ない	1227180545
住宅環境	1	住宅街の中にあり、車の往来が少なく、夜も静かである。	1234804383
自然災害	1	高台にあり、洪水の心配がない。また、地盤が固く地震に強いと言われている。	1234804383
移動・交通	-1	駅までバスのため、現在計画中の地下鉄が早く開通して欲しい。	1234804383
買物・飲食	-1	徒歩圏内スーパーが閉店してしまい、跡地が空いているので、そこにまたスーパーが開業して欲しい。	1234804383
遊び・娯楽	1	子連れでも過ごしやすいスポットが多い	1234463037
移動・交通	1	東京などにも行きやすく、便利	1234463037
子育て	-1	子育てに関わる施策が他県に比べて少ない	1234463037
初等・中等教育	-1	子育てに関わる施策が他県に比べて少ない	1234463037
買物・飲食	1	すぐご飯屋さんや洋服屋さんがある	1236220523
移動・交通	1	駅からどこでも行きやすい	1236220523
住宅環境	-1	家賃を下げて欲しい	1236220523
事故・犯罪	-1	車通りが多いため	1236220523
住宅環境	1	緑が多い	1236168083
移動・交通	1	都心に出やすい	1236168083
子育て	-1	給食を実現して欲しい	1236168083
医療・福祉	-1	病院から少ない	1236168083
地域行政	1	地域では、学生さんとお店がコラボして何か新商品を作ったり、福祉の面も声掛けや町ぐるみでイベントなど、月内で催し物を開催し、孤独にならない様防いだりと活発に実施されているのを知っているからです。	1236231682
デジタル生活	1	アプリで、行政の手続きやスマホなど操作がわからない場合には、様々な地域と日時が沢山あり、学習しやすくなっています。	1236231682
買物・飲食	-1	空き地があっても、採算が取れないのか、団地にあった近くのお店が閉店して、買い物も高齢者はバスに乗るか、宅配かと、重い荷物を持ってトボトボやっと歩いているのを見かけている。	1236231682
自然災害	-1	自然災害が起きる前に準備するものなど、たまにしか情報が無い、具体的に何を事前にが足りない。	1236231682
移動・交通	1	他の街に行きやすいから	1232997555
買物・飲食	1	なにかしろ利用できるから	1232997555
都市景観	-1	のんびり過ごせるから	1232997555
遊び・娯楽	-1	なにもないから	1232997555
買物・飲食	1	いろんなお店があって買い物しやすいから。	1230659682
移動・交通	1	交通機関が整っているので便利	1230659682
都市景観	-1	犬のフンなどの処理をしない飼い主の人がいて歩道にフンが散らばっていることがあるから。	1230659682
事故・犯罪	-1	人柄が悪いところがあるから。	1230659682
買物・飲食	1	近くにスーパー等がある	1231455821
自然景観	1	他に選択肢がないだけ	1231455821
デジタル生活	-1	5gが入るようにしてほしい	1231455821
移動・交通	-1	渋滞緩和	1231455821
移動・交通	1	利用できる鉄道が3路線あるから。	1227859996
買物・飲食	1	スーパーマーケットが近隣に３件以上ある。	1227859996
住宅環境	-1	防犯の徹底	1227859996
医療・福祉	-1	休日に診療してくれる医療機関が増えてほしい	1227859996
子育て	1	無料の遊び場がある。公園がきれい。	1233033918
医療・福祉	1	病院が近くにたくさんあり、選べる	1233033918
移動・交通	-1	バスの本数を増やして欲しい	1233033918
地域行政	-1	区役所が遠いから、簡易でもいいから増やして欲しい	1233033918
住宅環境	1	人も多すぎず煩くもなく環境良しかと…	1233152967
買物・飲食	1	買い物に不便しない	1233152967
事故・犯罪	-1	事故、犯罪を選択したが、特に気になるところはない	1233152967
事故・犯罪	-1	これも前項に同じです	1233152967
自然災害	1	自然災害での大きな影響もなく、安全性は高いと思います。	1234298005
自然景観	1	森林に囲まれたのどかなところです。	1234298005
買物・飲食	-1	駅前のスーパーは比較的充実しているのですが、商業施設が全くないので、どうにか改善して欲しいです。	1234298005
地域行政	-1	市役所での手続きの一部が駅前でも可能のようですが、もっと種類を増やして欲しいです。	1234298005
買物・飲食	1	近所でほとんどすべての買い物が満足にできる	1232362845
医療・福祉	1	近所に病院がたくさんあり、何かあっても困らない	1232362845
事故・犯罪	-1	治安が悪い##事件が多い	1232362845
自然景観	-1	自然が少ないと感じる	1232362845
買物・飲食	1	川崎駅前に商業施設が集積している	1229036608
移動・交通	1	東京にも横浜にも電車ですぐ行けるし空港も近い	1229036608
自然景観	-1	街の緑をもっと増やしてほしい	1229036608
事故・犯罪	-1	繁華街の治安の維持にもっと努めてほしい	1229036608
買物・飲食	1	買い物をする場所はたくさんあって便利だから。	1230669296
移動・交通	1	交通機関は整っているので移動は便利だから。	1230669296
都市景観	-1	犬のフンを掃除しない人がいて歩道などフンが散らばっているから。	1230669296
事故・犯罪	-1	人柄の悪い人がいるところが怖いから。	1230669296
買物・飲食	1	近所にスーパー、コンビニ、ドラッグストア、ホームセンターなど、全て徒歩圏内にあるから。	1236161482
自然の恵み	1	ダム、牧場、森林、公園などがあって自然な中で過ごすことができる。	1236161482
子育て	-1	子育てに関して支援が少ない。物資の支給などないし、現金支給も乏しい。##	1236161482
初等・中等教育	-1	先生の数が圧倒的に足りない。##手がかかる子がいて支援が必要なときなど、突発的な出来事に対してフォローしてくれる人がいない。	1236161482
自然景観	1	海、山　両方の美しい景観を楽しめる	1231476398
自然の恵み	1	新鮮な魚を食べられるから。	1231476398
地域行政	-1	小田原駅周辺の設備を改善して、地域活性に繋げてほしい。小田原城、観光客はいるのに生かしきれていないところが残念。	1231476398
買物・飲食	-1	買い物をする施設が少ない。##平塚、ネットで済ませてしまうので、若い方向けのショッピングセンターが欲しい	1231476398
買物・飲食	1	駅近にお店が多く便利	1225256302
自然景観	1	川沿いの歩道が整備されている	1225256302
公共空間	-1	図書館が古い	1225256302
移動・交通	-1	海老名のほうが発展しつつある	1225256302
買物・飲食	1	ロピアが沢山ある	1236637248
遊び・娯楽	1	交通の便がよく色々行ける	1236637248
事故・犯罪	-1	治安が悪い	1236637248
初等・中等教育	-1	民度を上げる教育	1236637248
買物・飲食	1	東京に近く色々選べる	1236981017
遊び・娯楽	1	横浜に色々新規レジャー施設が出来てきて助かる	1236981017
事故・犯罪	-1	犯罪が多い	1236981017
初等・中等教育	-1	道徳を教えましょう	1236981017
買物・飲食	1	スーパーが多い	1236839326
遊び・娯楽	1	バスが充実している	1236839326
事故・犯罪	-1	治安	1236839326
初等・中等教育	-1	ヤンキーが多い	1236839326
移動・交通	1	公共乗り物が多い	1235967788
都市景観	1	何となく	1235967788
医療・福祉	-1	不満だらけで書ききれない	1235967788
子育て	-1	子供が住みづらい	1235967788
自然景観	1	近くに大きな公園があります。子供達とお弁当を持って一日楽しむことができます。	1232664828
買物・飲食	1	電車に乗りますが、買い物で欲しいと思った物は手に入ります。助かります。	1232664828
医療・福祉	-1	大きな病院はあり安心なのですが、地域の小さな病院が少なくて発熱外来などは、混んでいるからと断られることもあります。	1232664828
移動・交通	-1	交通機関は十分あるのですが、バスが走っていない部分があります。近くの駅まで徒歩20分、近くのバス停まで10分かかります。	1232664828
医療・福祉	1	公費負担が充実しています。精神だけでなく身体も。またそれに伴う、市営交通の(一部負担)フリーパスがあります。手続きは面倒な部分は否めませんが、窓口担当者は丁寧に説明してくれます。やはり自治体の規模に比例する、と言えます。	1234831323
移動・交通	1	特に市営バス網が発達し、どのルートを取っても市内中心部に行くことができます。また、地下鉄もダイヤ乱れや人身事故なくスムーズに移動ができます。そして一部公費負担で市営交通と民間路線バスが全線フリーパスも魅力的です。	1234831323
都市景観	-1	電線に尽きます。地中化が必要です。	1234831323
事故・犯罪	-1	ニュースにセンセーショナルに取り上げられるからなのかもしれませんが、凶悪事件が多い気がします。中心部繁華街の治安維持が求められます。	1234831323
買物・飲食	1	コンビニやスーパーが近隣にある	1234926553
移動・交通	1	バス停が多い	1234926553
移動・交通	-1	駅が少ない	1234926553
住宅環境	-1	マンションを増やして欲しい	1234926553
移動・交通	1	複数路線	1233827953
買物・飲食	1	スーパーが多い	1233827953
移動・交通	-1	渋滞	1233827953
住宅環境	1	住みやすい街	1233737878
移動・交通	1	便利	1233737878
買物・飲食	-1	買い物には困らない	1233737878
子育て	-1	暮らしやすい	1233737878
移動・交通	1	都心へも郊外へも比較的アクセスしやすい。都心ほど渋滞ががない。####	1234357022
買物・飲食	1	地元の施設で大体の用が足りる、必要なら都心へ買い物にいく。	1234357022
地域行政	-1	図書館が少ない　東京と比較にならないぐらいひどい	1234357022
初等・中等教育	-1	中学校の給食がない	1234357022
買物・飲食	1	お店は充実している	1229998524
移動・交通	1	公共の交通機関は充実してる	1229998524
子育て	-1	子連れでのお出かけが、混雑しているし、周りの目が気になる	1229998524
医療・福祉	-1	老後の生活が心配	1229998524
移動・交通	1	交通の便が良い	1229030996
住宅環境	1	駅から近い	1229030996
医療・福祉	-1	医療補助がない	1229030996
初等・中等教育	-1	補助がない	1229030996
住宅環境	1	静かで自然に囲まれている	1235797705
買物・飲食	1	ショッピングセンターや飲食店が充実している	1235797705
医療・福祉	-1	公共医療機関の体制はさらなる拡充が必要	1235797705
移動・交通	-1	道路事情の悪い箇所がある	1235797705
買物・飲食	1	百貨店もあるし、スーパーもコンビニもたくさんある	1229529111
医療・福祉	1	病院が多い	1229529111
移動・交通	-1	東京まで一本で行きたい	1229529111
事故・犯罪	-1	発砲事件とか殺人事件が多い。警邏を頻繁に	1229529111
移動・交通	1	駅から近い	1231949303
買物・飲食	1	すぐ近くにスーパーがある	1231949303
都市景観	-1	特になし	1231949303
遊び・娯楽	-1	遊べる場所があまりない	1231949303
移動・交通	1	夫の職場にも近く(車通勤)、どこか遊びに行くにも電車で短時間で移動できるから。	1236746699
自然景観	1	海が見える景色が近く、最寄りの駅はそんなに大きな駅ではないので、夜は結構星が見える。##	1236746699
環境共生	-1	ゴミの分別をさせておいて以前はプラごみを燃やしていた。ゴミの収集日も減らしてしまったし、廃品回収に対しての補助も減らしたので、業者が東京に行きたがり横浜の回数が減る結果に。もっといろいろ考えるべきではないかと思う。	1236746699
自然災害	-1	首都圏が震源地になる地震の可能性はずっと言われているので、対策は万全にしてほしい。財政難なのはわかるけど頑張って！	1236746699
住宅環境	1	特になし	1235988169
遊び・娯楽	1	特になし	1235988169
遊び・娯楽	-1	特になし	1235988169
子育て	-1	特になし	1235988169
自然の恵み	1	新鮮な魚や野菜が安く手に入る	1226392831
買物・飲食	1	都市部なら買い物難民になりにくい	1226392831
遊び・娯楽	-1	観光の目玉になるような一日中遊べる大規模テーマパークがほしい	1226392831
住宅環境	-1	家賃がもう少し安くなってほしい	1226392831
買物・飲食	1	都心に近いけど、物価も安いし多少自然もある	1237009584
買物・飲食	1	駅にテナントが揃っている	1237009584
移動・交通	-1	都心に近い	1237009584
公共空間	-1	図書館の蔵書が多い	1237009584
移動・交通	1	複数路線駅が多くて便利なため	1236536172
子育て	1	公園が多くて、遊びに連れて行きやすいため	1236536172
事故・犯罪	-1	警察官のパトロールを増やして欲しい	1236536172
自然災害	-1	川があるため、氾濫のないよう対策して欲しい	1236536172
住宅環境	1	すぐにショッピングモールがあり、買い物に不自由しない	1233398413
自然の恵み	1	子供達が遊べる公園がたくさんある。	1233398413
子育て	-1	給食費無料やもっと子育て支援に力を入れてほしい	1233398413
住宅環境	1	うるさすぎず、静か	1230028626
自然景観	1	すこし足を伸ばせば箱根まですぐ	1230028626
移動・交通	-1	縦断する鉄道がほしい	1230028626
事故・犯罪	-1	頭おかしいのが増えてきているので抹殺してほしい	1230028626
買物・飲食	1	スーパーが近くに複数あり、買い物に困らない。またドラッグストアもあり便利。	1231327306
移動・交通	1	最寄り駅が始発であり座っていくことができる。	1231327306
買物・飲食	-1	買い物は良いが、良い居酒屋が少ない。数はあるが、チェーン店が多い。	1231327306
自然景観	-1	特に目立ったものがない。でもそれがなくても問題はなく、強いてあげればという感じ。それだけ現状に満足している。	1231327306
住宅環境	1	過ごしやすいから。	1235622943
移動・交通	1	小田急線が便利で、1時間あればだいたいどこでも行けるから	1235622943
遊び・娯楽	-1	遊ぶ場所がご飯かカラオケしかない	1235622943
自然景観	-1	あまり自然がない	1235622943
移動・交通	1	急行、快速、特急全て大和に停車し、横浜に20分、新宿に50分、渋谷にも全て直結で行けるところ。	1234831874
地域行政	1	福祉と教育に惜しみなく税金を費やしているところ	1234831874
事故・犯罪	-1	駅前の治安の悪さを安全にしてほしい	1234831874
都市景観	-1	以前はあちこちに花が植えられてたが、現在市長が変わり、花が取り上げられてしまった。また花壇を再開してほしい	1234831874
住宅環境	1	自然環境、公園が豊富	1235744946
移動・交通	1	通勤、通学の便がいい路線が豊富	1235744946
地域行政	-1	あらゆる面で工夫がなく、独自の施策がない	1235744946
子育て	-1	特別の進んだ施策がない	1235744946
自然景観	1	設問の選択肢の中で唯一適当だったのがこれだったので。	1229482904
買物・飲食	1	地方に住んでいた時と比較するとましにはなったという感じ。	1229482904
公共空間	-1	中央駅周辺に出かけるときに使える駐車場があると便利になると思う。	1229482904
買物・飲食	-1	閉店する店舗が多い。増えて欲しいのに。	1229482904
遊び・娯楽	1	観光地が近い	1233657590
買物・飲食	1	美味しいみせがある	1233657590
都市景観	-1	特になし	1233657590
医療・福祉	-1	特になし	1233657590
移動・交通	1	市営地下鉄、私営線、バス便などアクセスが良い。##	1234314504
自然景観	1	公園、緑が多い	1234314504
自然災害	-1	急傾斜地の適度な検査をお願いしたい	1234314504
医療・福祉	-1	福祉関係の施設の充実をお願いしたい	1234314504
移動・交通	1	東急の路線が多く便利	1226802592
自然の恵み	1	割と公園が多い	1226802592
事故・犯罪	-1	尻手黒川線にいまだに暴走族が通る	1226802592
デジタル生活	-1	市中に無線LANが無い	1226802592
買物・飲食	1	店舗が多く商品の選択肢が多い。	1231634092
移動・交通	1	公共交通機関が整備されている。	1231634092
自然の恵み	-1	都市開発と並行して自然保護に注力して欲しい。	1231634092
デジタル生活	-1	デジタル行政の告知を充実させて欲しい。	1231634092
移動・交通	1	鉄道網で都心にも行けるし、高速道も発展していて便利##	1226854669
自然の恵み	1	海もあり北部には自然が残っているから	1226854669
医療・福祉	-1	大きい病院はあるが、住宅地近くの病院があれば便利	1226854669
買物・飲食	-1	公園等を利用して移動販売など開店してほしい	1226854669
自然景観	1	緑豊かな公園等が沢山有る	1235885805
移動・交通	1	リニア新幹線の駅等に力を入れている	1235885805
自然災害	-1	緑豊富で山も多いので災害対策をしっかりして欲しい	1235885805
子育て	-1	子育て世代に手厚い手当をして欲しい	1235885805
買物・飲食	1	横浜駅、桜木町駅近辺で何でも揃い、都内に出る必要がない	1227471447
事故・犯罪	1	悪質な犯罪が発生したニュースを見る事がなく、安心して外出できる	1227471447
住宅環境	-1	賃貸住宅が高いので、安くして欲しい	1227471447
移動・交通	-1	京浜東北線の大船から品川間の移動時間短縮して欲しい	1227471447
自然景観	1	江の島が近く、丹沢や富士山が遠望できる	1232371022
自然の恵み	1	漁港が多く海の幸が新鮮で安い	1232371022
子育て	-1	横浜などと比較して、教育に関する行政の補助が少ない	1232371022
自然災害	-1	海に近いため、災害時の津波対策が不十分	1232371022
住宅環境	1	飛行機が、飛ばなければ、時計の音が、気になる程、静か。	1232065435
移動・交通	1	高速道路あり、鉄道網も発達しており、とても便利。	1232065435
地域行政	-1	市役所職員の対応。とても、理不尽な対応された。指摘後、改善ない。	1232065435
移動・交通	-1	大型ショッピングモールが、あり、祝日、土日、道路の渋滞。	1232065435
自然景観	1	海があり、山があるところ	1236253337
自然の恵み	1	のどか	1236253337
買物・飲食	-1	個人店が少ない。活気がない	1236253337
遊び・娯楽	-1	娯楽施設が何もない	1236253337
移動・交通	1	利便性が高い	1229729132
買物・飲食	1	利便性が高い	1229729132
買物・飲食	1	スーパーが多いので便利だからです。	1236883972
移動・交通	1	駅が近くバスも多いからです。##	1236883972
遊び・娯楽	-1	遊び場が少なすぎるからです。	1236883972
都市景観	-1	景観がよくない。	1236883972
自然景観	1	川の両側が整備されて散歩に適しています。	1236688790
住宅環境	1	人通りが少なく静かなところ	1236688790
地域行政	-1	具体的にわからないがもう少し活性化してほしい。	1236688790
医療・福祉	-1	眼科、耳鼻科の病院が近くにほしい	1236688790
移動・交通	1	便利	1227148738
住宅環境	1	住みやすい	1227148738
地域行政	-1	役に立っていない	1227148738
環境共生	-1	みどり税を徴収してるのに何も変わっていない	1227148738
自然の恵み	1	海も山もある	1231576642
自然災害	1	大きな災害がない	1231576642
環境共生	-1	気候が良い	1231576642
移動・交通	-1	バスの本数が少ない	1231576642
買物・飲食	1	スーパーや商店街が豊富で金額も安い為	1236254702
移動・交通	1	複線通っており、アクセスが良い為	1236254702
事故・犯罪	-1	治安が悪いと有名な為	1236254702
都市景観	-1	自然が少ないように感じる為	1236254702
移動・交通	1	空港に行きやすい	1234075280
遊び・娯楽	1	飲食店が多い	1234075280
都市景観	-1	狭い道が多い	1234075280
子育て	-1	保育園の充実	1234075280
自然景観	1	近くに自然公園や田畑があり、静かな点	1232648376
買物・飲食	1	過不足なく店が揃っていて、不自由しない点	1232648376
遊び・娯楽	-1	レジャー系の施設がもう少しあると楽しい	1232648376
移動・交通	-1	コミュニティバスがもう少し便を増やすか、収容人数多めにしてほしい	1232648376
買物・飲食	1	近くにスーパーが多く買い物に困らない	1229541817
移動・交通	1	駅が多く移動に困らない	1229541817
住宅環境	-1	道が狭く災害時心配	1229541817
自然景観	-1	緑が少ないと感じる	1229541817
医療・福祉	1	市民病院がとにかく便利	1231595515
遊び・娯楽	1	横浜スタジアムが最高	1231595515
事故・犯罪	-1	夜中などに治安が悪い地域がある	1231595515
子育て	-1	ベビーカーのままバスに乗れるのはおかしい	1231595515
事故・犯罪	1	防犯 など あまり聞いたことがない	1234457045
医療・福祉	1	大きな病院などがたくさんある	1234457045
自然災害	-1	対策をしっかりしてほしい	1234457045
公共空間	-1	公園の整備	1234457045
自然景観	1	高い建物がないため、海や山、畑など自然が映える。	1230684963
自然の恵み	1	三浦大根や三浦キャベツ等名産。畑が身近なので、楽しめる。	1230684963
遊び・娯楽	-1	市内、唯一の水族館が閉館してしまい、観光が出来る場所が減ってしまった。同じような観光施設が出来ると良い。	1230684963
移動・交通	-1	市内はバス、車がないと不便な場所。循環バスやタクシー等、気軽に使いたい。	1230684963
買物・飲食	1	買い物ができる店が多く、様々なものが手に入りやすいから。	1228615629
医療・福祉	1	様々なジャンルの病院があるから。	1228615629
移動・交通	-1	電車の本数が少なかったりと、交通の便が良くないことがあるから。	1228615629
遊び・娯楽	-1	遊園地などが近所にないから。	1228615629
遊び・娯楽	1	いいね	1236947720
環境共生	1	意外と畑や緑ある	1236947720
移動・交通	-1	間違えた	1236947720
移動・交通	-1	便はいい	1236947720
移動・交通	1	どこに行くのも便利	1226542406
買物・飲食	1	充実してます	1226542406
移動・交通	-1	道路が狭い##	1226542406
医療・福祉	-1	特に無し	1226542406
環境共生	1	駅前はなんでも揃っていて、少し離れると自然が多い。都心にも出られる交通の便利な田舎	1234635944
公共空間	1	建物がだいたい新しい	1234635944
医療・福祉	-1	総合病院ぐらいしか大きいところがない	1234635944
自然災害	-1	あまり対策がされてなさそう	1234635944
自然災害	1	特に何も起こらないから	1233290821
事故・犯罪	1	特に何も起こらないから	1233290821
買物・飲食	-1	お店がないから誘致してほしい	1233290821
移動・交通	-1	移動が不便だから改善して欲しい	1233290821
買物・飲食	1	自転車移動圏内にあるから	1230284857
移動・交通	1	小田急で新宿まで一本で行ける	1230284857
買物・飲食	-1	全体的に値下げ	1230284857
移動・交通	-1	都内までもっと早く出たい	1230284857
住宅環境	1	住居地域の環境が、都市交通網の充実度と緑化の具合のバランスが丁度良く気に入っている。	1236021905
都市景観	1	溝の口・小杉などの中核都市の利便性が高く、それでいて昔ながらの場所も兼ね備えている	1236021905
移動・交通	-1	田園都市線のダイヤが市内駅、特に宮崎台・宮前平に全ての犠牲を背負わせるようなダイヤになっているため、一刻も早く改善してほしい	1236021905
自然災害	-1	用途地域の関係で自然災害対策が進められない地域など、運用面での課題が多いと感じるので改善方針を示してほしい	1236021905
移動・交通	1	便利	1233234859
買物・飲食	1	充実している	1233234859
子育て	-1	支援	1233234859
住宅環境	-1	補助	1233234859
移動・交通	1	3路線が使える、始発で座れる、都内に出やすい	1232065287
買物・飲食	1	ほとんどの飲食チェーン店がある、ノクティ内ならノクティﾎﾟｲﾝﾄも付いてお得	1232065287
事故・犯罪	-1	夜の治安が悪い##歩きたばこが多い##駐輪・駐車禁止が守られていない##自転車の信号・標識無視が当たり前	1232065287
地域行政	-1	駅前の無法地帯（不法占拠、歩きたばこ、悪臭、駐車禁止）に対処してほしい	1232065287
移動・交通	1	電車、バス、多いので移動には困らない。タクシーもくる。場所によってはタクシーがなかなか来ない所がある。ここは来る。	1229654991
自然景観	1	自然がほどよくある。	1229654991
事故・犯罪	-1	犯罪は怖い。見回りなど定期的にしてほしい。前は見かけたけど最近見かけない。また自転車の乗り方が非常に悪く暴走してくるから取り締まってほしい。危なすぎる。	1229654991
地域行政	-1	区役所の派出所がほしい。何かにつけて駅前の区役所に行くのはちょっと大変。派出所があるとすごく助かる。また区役所の方、まじめに人の話を聞いて欲しい。鼻で笑うのは失礼だとわからないのか不思議でならない。	1229654991
買物・飲食	1	なんとなく	1236904831
移動・交通	1	なんとか	1236904831
子育て	-1	なんとなく	1236904831
自然景観	-1	なんとなく	1236904831
移動・交通	1	公共交通機関が発達している	1235831475
自然の恵み	1	都市部と自然が融合されている	1235831475
地域行政	-1	住民税を安くしてほしい	1235831475
遊び・娯楽	-1	あまり派手にならないように願う	1235831475
自然景観	1	緑が多く、四季を通して花を楽しめる。	1233039122
住宅環境	1	安心安全に暮らせている。	1233039122
医療・福祉	-1	地域の核となるような病院がない。	1233039122
遊び・娯楽	-1	文化的な要素が少ない。	1233039122
住宅環境	1	交通環境	1233616926
住宅環境	1	静か	1233616926
買物・飲食	-1	飲食店が少ない	1233616926
遊び・娯楽	-1	娯楽施設が少ない	1233616926
遊び・娯楽	1	なし	1232101622
デジタル生活	1	なし	1232101622
医療・福祉	-1	なし	1232101622
買物・飲食	-1	なし	1232101622
住宅環境	1	閑静な住宅地で治安が良い	1230250982
事故・犯罪	1	治安が良い	1230250982
自然災害	-1	坂が多く、土砂災害が心配	1230250982
遊び・娯楽	-1	横浜中心部に行かないと娯楽施設が少ない	1230250982
住宅環境	1	土地建物が首都圏に割合に近いのに安価であること。	1232764043
自然景観	1	窓から富士山や丹沢連峰の山々を眺めることができ、落ち着いた気分になること。	1232764043
地域行政	-1	高齢者に対する支援内容がよくわからないこと。	1232764043
デジタル生活	-1	デジタル行政が遅れていて、各種手続きが市役所に出向いておこわなければならないこと。	1232764043
医療・福祉	1	救急病院があり、安心	1233204428
買物・飲食	1	徒歩圏内に買い物ができる	1233204428
デジタル生活	-1	ネットで申請等が出来るようにして欲しい	1233204428
都市景観	-1	オーバーツーリズム	1233204428
自然景観	1	身近に海があり自然を感じるから	1235773347
事故・犯罪	1	比較的治安がいい	1235773347
医療・福祉	-1	障害者手帳を持っていても２級の人は経済的ほとんど恩恵をえれない	1235773347
地域行政	-1	高齢化が進み地域の町内会の当番がすぐ回ってくる。やめる人も多いので外部にやってもらいたい	1235773347
住宅環境	1	騒がしくなく治安も良い点	1230554023
自然災害	1	大きな地震もないし、津波の被害の可能性も低い	1230554023
遊び・娯楽	-1	もっと文化的な施設があると良い	1230554023
都市景観	-1	街並を綺麗に整備して欲しい	1230554023
住宅環境	1	昔から住んでいる人も多く、買い物も近くにあるから	1236292291
医療・福祉	1	困った時にすぐに対応してくれる医療機関が近くにあるから	1236292291
移動・交通	-1	駅が近くにもう1駅で来てほしい	1236292291
環境共生	-1	道が狭く通学路が不安になることが多々ある	1236292291
買物・飲食	1	安い店がある	1234291692
移動・交通	1	便利がいい	1234291692
医療・福祉	-1	障害者に優しいところにしてほしい	1234291692
デジタル生活	-1	わかりやすくして欲しい	1234291692
住宅環境	1	緑が多く静かな住環境	1237021612
自然景観	1	バランスの良い自然環境	1237021612
買物・飲食	-1	近くに商店が全くない	1237021612
移動・交通	-1	駅まで距離がある	1237021612
住宅環境	1	程良く自然と調和している	1230517456
事故・犯罪	1	治安が良い	1230517456
移動・交通	-1	信号のタイミングが悪い	1230517456
自然景観	-1	私有地の木が伸びすぎていて停電になったことがあったり背の高いトラックが通れなくなりそうなので行政代行執行して欲しい	1230517456
デジタル生活	1	ぎい	1231935320
遊び・娯楽	-1	じゅ	1231935320
住宅環境	1	周囲が緑道に囲まれ散歩が気持ち良い	1229835441
自然景観	1	自然が残され癒される	1229835441
デジタル生活	-1	役所がやや離れているので、自宅でも処理可能の範囲が拡張されると良い	1229835441
公共空間	-1	図書館の整備	1229835441
移動・交通	1	駅から徒歩２分に自宅がありますが、以外と静かです	1234350116
買物・飲食	1	駅近にスーパーやコンビニがあるので２４時間、不便に感じる事はないです	1234350116
遊び・娯楽	-1	もう少しで高度な大人の遊び場を作ってほしい	1234350116
移動・交通	-1	都内方面のバスがあればイイかなと	1234350116
買物・飲食	1	自宅近くにクロスガーデン、通勤途上にラゾーナ川崎があり便利。	1234487274
移動・交通	1	JR、バスなど公共交通機関が便利。	1234487274
医療・福祉	-1	高度医療機関がない。	1234487274
地域行政	-1	道路の車線マーキングが剥げてきても補修されない、跨線橋が老朽化しても架け替え予算がつかない。	1234487274
住宅環境	1	高台に居住。見晴らしがよく夏は花火が綺麗に見える。	1233738878
移動・交通	1	2路線の駅が近くにあり、両方とも職場方向に行くので、片方が止まってももう片方が使える。	1233738878
地域行政	-1	住民税が高い。	1233738878
都市景観	-1	街が、住み始めた20年前からほとんど変わらない。発展がない。	1233738878
遊び・娯楽	1	色々ある	1233327306
医療・福祉	1	助かっている	1233327306
地域行政	-1	身近でない	1233327306
子育て	-1	足りてない	1233327306
移動・交通	1	３路線が使えて、東京方面へのアクセスも良い	1230083985
初等・中等教育	1	私立・公立ともに教育熱が高い。	1230083985
買物・飲食	-1	駅前の開発が中途半端なため、飲食のチェーン店が同規模の駅に比べて少ない。	1230083985
公共空間	-1	藤沢駅前の整備を行っているが、有効に使われていない。	1230083985
移動・交通	1	二駅利用可能な上、駅まで10分以内で行く所。	1235897533
住宅環境	1	緑道が目の前にあり、周辺にはマンションが多く建ち並ぶ点です。	1235897533
地域行政	-1	住民税が高い所	1235897533
自然景観	-1	緑道や公園の清掃、整備をまめにして欲しい。	1235897533
住宅環境	1	地域柄か隣近所との関係が良いところ。子供たちが遊べる公園も近所に多くあり、買い物等もストレスなく現在は満足しています。	1228972140
移動・交通	1	駅まで徒歩圏内であり出掛けやすいことと、バスも利用しやすい点です。	1228972140
地域行政	-1	この項目でいいのか分かりませんが、自治会についてです。現役世代は共働きが多く、どのご家庭も役員が回ってくるのが負担です。	1228972140
事故・犯罪	-1	路上駐車の取り締まりを強化してほしいです。	1228972140
買物・飲食	1	スーパーが近く何店舗もあり生活がしやすいです。	1233133539
事故・犯罪	1	比較的に住宅街なので治安が良くゆったりと暮らすには良い環境です。	1233133539
移動・交通	-1	道路沿いなのでバス停は近いですが駅まで15分ぐらいかかり、##ましてはバス便が少ないバス停もあります。##もっとバス便を増やして頂けると有り難いです。	1233133539
自然景観	-1	空地が住宅にかわり緑が少なくごちゃごちゃしている気がします。##区画整理の土地に指定すれば##もう少しすっきりして見えるのかもしれません。	1233133539
移動・交通	1	電車で移動できるから	1230475935
遊び・娯楽	1	娯楽施設が多いから	1230475935
事故・犯罪	-1	怖いから	1230475935
自然災害	-1	坂が多いから	1230475935
自然災害	1	地盤がしっかりしており地震の時も周りより揺れが小さい。かつ台地上のため水害のリスクも低い	1234321193
移動・交通	1	新幹線や航空機へのアクセスが良い。また車異動でも東名高速、中央道、圏央道にも近い。	1234321193
買物・飲食	-1	水道水が硬水のため、乾いた跡が付きやすい。水源を変えるのは無理なので改善は期待しないが最も不満な点である。	1234321193
事故・犯罪	-1	殺人事件が多い。	1234321193
住宅環境	1	建ぺい率1種で、家が建て込んでいない。静かです。	1234066617
医療・福祉	1	病院がクリニックから大学病院まで揃ってます。##	1234066617
事故・犯罪	-1	見回りを組織的にできれば…	1234066617
自然景観	-1	緑をこれ以上減らさない。	1234066617
住宅環境	1	都市空間に満足しています	1236972273
自然景観	1	緑と都市が共存している点	1236972273
住宅環境	-1	一戸建てを購入したいので、良い住宅環境を望みます	1236972273
子育て	-1	子育て施策全国No.1の地域になってほしいです	1236972273
自然景観	1	海がある	1231840172
都市景観	1	緑が多い	1231840172
子育て	-1	バカ親が多い	1231840172
買物・飲食	-1	店が少ない	1231840172
医療・福祉	1	病院がそばに多くあり、医療費の控除申請も進んで教えてくれる	1233566313
買物・飲食	1	モールが近場に2か所あり、車の渋滞は困るけれど普段は安易に買い物に行けるので助かる	1233566313
移動・交通	-1	辻堂駅近辺の渋滞をちょっと考えて欲しい	1233566313
子育て	-1	子どもが遊ぶ場所を増やしてほしい	1233566313
買物・飲食	1	スーパーが多くある	1229339666
移動・交通	1	幹線道路がある	1229339666
事故・犯罪	-1	治安は悩み	1229339666
都市景観	-1	ゴミが沢山	1229339666
買物・飲食	1	住居の近くに複数のスーパーがある	1230959554
移動・交通	1	最寄り駅から2駅で小田急や田園都市線に乗ることができる	1230959554
子育て	-1	医療補助を小学生まで拡充した方がいい	1230959554
事故・犯罪	-1	巡回など増やして防犯を強化してほしい	1230959554
買物・飲食	1	スーパーが多いので特売品を買いやすい 	1236129218
移動・交通	1	歩いても１５分くらいでバスも通っている	1236129218
医療・福祉	-1	1つのビル内にまとまっていてほしい	1236129218
地域行政	-1	老人の集う場所や催しを増やしてほしい	1236129218
買物・飲食	1	色んなお店をある	1233550426
移動・交通	1	環状線沿い	1233550426
医療・福祉	-1	少ない	1233550426
遊び・娯楽	-1	少ない	1233550426
自然景観	1	近くの公園で##富士山が見れる	1236714045
買物・飲食	1	近くにスーパーがある	1236714045
移動・交通	-1	駅が遠いからバス便を増やしてほしい	1236714045
自然災害	-1	近くに避難場所があれば良い	1236714045
住宅環境	1	開成町は面積が小さいので、駅にも近くて、スーパーマーケット、薬局、本屋、診療所等歩いて行けるので、満足している	1228251027
自然景観	1	畑や小さな公園等、緑が多くて、遠くには箱根山、富士山、丹沢山に囲まれていること	1228251027
事故・犯罪	-1	町の人口が増えてきているので、駅前の交番等、無人でなく人員配置して欲しい。##	1228251027
遊び・娯楽	-1	公共の体育館、トレーニングジムのようなところが欲しい	1228251027
住宅環境	1	公園が多い	1235300192
買物・飲食	1	スーパーが多い	1235300192
地域行政	-1	税金が高い	1235300192
初等・中等教育	-1	小中一貫校を充実してほしい	1235300192
地域行政	1	役所関係の手続き時の職員の対応が周りの市の中で一番対応がよかったです。	1234539752
移動・交通	1	利便性がいい。	1234539752
買物・飲食	-1	以前暮らしていた土地柄もあるとは思いますが、現在の市の方が物価が高くかんじます。	1234539752
事故・犯罪	-1	以前住んでいた地域でも小さな犯罪はありましたが、現在の土地のほうが物騒だなと思うことが多いです。	1234539752
買物・飲食	1	家から総合病院が近い	1233124068
買物・飲食	1	ララポがある	1233124068
移動・交通	-1	伊勢原への電車がほしい	1233124068
地域行政	-1	公民館の建て替え	1233124068
自然の恵み	1	駅前は開発されているが離れると自然を楽しめる	1230955895
移動・交通	1	最寄り駅から一本で都心まで行ける	1230955895
医療・福祉	-1	病院がいつも混雑し、予約でも2時間待つ、駐車場も高額	1230955895
事故・犯罪	-1	人工は増えているがモラルを守らない人も増えている	1230955895
地域行政	1	健康診断に行きやすい	1230775719
買物・飲食	1	美味しいお店がある	1230775719
移動・交通	-1	細い道にバスが沢山通るので渋滞がひどい	1230775719
デジタル生活	-1	あちこちにWi-Fiを設置してほしい	1230775719
移動・交通	1	色々な路線やバスのアクセスが良いから	1233078981
住宅環境	1	商業施設が充実している	1233078981
地域行政	-1	今よりもより良く改善	1233078981
医療・福祉	-1	今よりもより良く改善	1233078981
自然景観	1	海もあり山もある美しい景色。温暖な気候。	1233257851
自然の恵み	1	新鮮な海の幸が豊富。	1233257851
医療・福祉	-1	町内に公的な総合病院が無い。	1233257851
移動・交通	-1	町内に鉄道が無い。	1233257851
移動・交通	1	どこに行くにも公共交通機関で移動ができる。（交通網が発達している）	1235386123
買物・飲食	1	安いお店から高級なお店まで、いろいろなバリュエーションがある。	1235386123
地域行政	-1	住民税が高いが、他の都市と比べて行政サービスが充実しているとはいいがたい。	1235386123
事故・犯罪	-1	犯罪が多い	1235386123
買物・飲食	1	家の周りに飲食店やコンビニなどいろいろあって便利	1232653409
移動・交通	1	駅が近いので電車やバスの移動が楽	1232653409
住宅環境	-1	人が多いのでモラルのない人が多い	1232653409
事故・犯罪	-1	周りにあまりよくない建物があるので環境がよくない	1232653409
移動・交通	1	比較的落ち着いた住宅地でありながら、駅にも近いところ。	1233318343
住宅環境	1	車通りが少なく、静かである点##。	1233318343
医療・福祉	-1	ご高齢の一人暮らしの方も多く、行政の見守り等が行き届く地域であることを願います。	1233318343
買物・飲食	-1	買い物する場所が、近くには限られたスーパーしかなく、選択肢が少ない。もう少し店舗が増えて、定着して欲しい。	1233318343
公共空間	1	区役所などの公共機関が集合しており徒歩圏内で利便性が良い。	1230910853
買物・飲食	1	チェーン店が多いので飲食や買い物に便利である。	1230910853
子育て	-1	少子高齢化対策として子育て世代に支給金や税制で優遇する。	1230910853
デジタル生活	-1	高齢者にもデジタルを身近に感じる様に無料で講習して貰いたい。	1230910853
住宅環境	1	第二東名などの交通整備が進み、車での移動が楽。近隣市町村でのショッピングにも事欠かない。	1225756633
医療・福祉	1	東海大学病院や協同病院があり、高度な医療処置を受けることができる。	1225756633
移動・交通	-1	とにかく道路の舗装や道路標示の質が悪すぎる。	1225756633
公共空間	-1	子供が遊べる公園整備を進めてほしい。できれば駐車場付きで。	1225756633
移動・交通	1	鉄道がたくさん走っていて、バスもいろんな路線があるので、車がなくても移動しやすい。	1236721182
買物・飲食	1	たくさん店があるから困らない。	1236721182
子育て	-1	より相談しやすい体制をつくってほしい。	1236721182
事故・犯罪	-1	少なくなるように見回りを増やしてほしい。	1236721182
自然景観	1	他の選択肢より良いから	1233725127
都市景観	1	他の選択肢より良いから	1233725127
買物・飲食	-1	リーズナブルな、飲食店が少ない	1233725127
移動・交通	-1	駅まで20分以上掛かる	1233725127
住宅環境	1	世田谷等と比べ住宅街の道路がきちんと整備され、ごちゃごちゃしてない洗練された街である。	1231512476
移動・交通	1	都心にも横浜にも適度な時間で行けるのに加え高速も近い、	1231512476
買物・飲食	-1	もう少し、いい店が充実して欲しい。	1231512476
遊び・娯楽	-1	もう少し楽しめる場所があるといい！	1231512476
買物・飲食	1	駅周辺に多様な店が揃う	1228610714
移動・交通	1	電車、バスが複数路線ある	1228610714
都市景観	-1	開発がやや無秩序	1228610714
事故・犯罪	-1	道路沿いの歩道が未整備の所がある	1228610714
住宅環境	1	住宅街ではあるが、隣との距離も十分に離れており、公道があるが行き止まりになっている為、知らない車や人が入ってくる事もなく静かな環境のため。	1229582196
自然災害	1	20年住んでいるが、台風時も大きな災害にはならなかったし、県内では停電の回数も少なく、排水が良いので水たまりが長く残っている事もない為。##	1229582196
事故・犯罪	-1	近くに古めかしいアパートがあるが、住人に変な人がいる様で月に一度くらいでパトカーが来る事がある。##アパートは取り壊しの予定の様なので、早く取り壊してほしい。	1229582196
移動・交通	-1	最寄りの駅までは徒歩15分くらいか掛かるので、バスの本数をもっと増やしてほしい。	1229582196
デジタル生活	1	オープンデータなどの活動がほかの町に比べて、推進されている。	1236452294
遊び・娯楽	1	まちに娯楽施設と観光施設がバランスよくある。	1236452294
自然景観	-1	観光化を推進する一方で、自然や景観の美しさも維持する活動がなされている。	1236452294
自然災害	-1	地形の起伏が多く、災害時の危険が高い。地域にあった災害対策が必要と思われる。	1236452294
移動・交通	1	利便性	1226478835
住宅環境	1	閑静	1226478835
移動・交通	-1	コミュニティバス	1226478835
買物・飲食	-1	近くにコンビニ	1226478835
住宅環境	1	普段使いできる買い物先が充実している。##また、車通りもそれほど多くなくうるさくない。	1228196523
移動・交通	1	職場のある都内への移動が楽。##	1228196523
遊び・娯楽	-1	休日に遊べる場所が少ない	1228196523
自然災害	-1	土砂災害への対策に力を入れてもらいたい	1228196523
住宅環境	1	海、山、自然もあり、便利。	1235167243
移動・交通	1	駅が近い	1235167243
買物・飲食	-1	ショッピングモールがほしい	1235167243
子育て	-1	保育園を増やしてほしい	1235167243
都市景観	1	観光名所は個性的で魅力的です	1224973805
買物・飲食	1	いろいろ選択肢があり、満足しているか	1224973805
地域行政	-1	福利厚生がわるすぎる	1224973805
医療・福祉	-1	行政の施策がわるい、住民のほうに向いていない、発信がない	1224973805
自然景観	1	落ち着く場所が多いので	1230819239
買物・飲食	1	ショップが多いと思います	1230819239
移動・交通	-1	とても不便でしょうがない	1230819239
事故・犯罪	-1	高齢者が多くなったので特に	1230819239
住宅環境	1	閑静であること	1228542779
初等・中等教育	1	学校が近いこと	1228542779
子育て	-1	医療費負担や子育て援助が少ない	1228542779
遊び・娯楽	-1	飲食店が少ない	1228542779
移動・交通	1	使える路線が多い	1234496944
買物・飲食	1	大型商業施設が多い	1234496944
遊び・娯楽	1	アミューズメントパークが多い	1230821094
買物・飲食	1	色々な飲食店が多い	1230821094
住宅環境	-1	古い家が多くなってきている	1230821094
医療・福祉	-1	病院がすごく混む	1230821094
移動・交通	1	どこへ行くにもアクセスがしやすい。	1229276318
医療・福祉	1	大きな病院が、受け入れ体制バッチリ	1229276318
事故・犯罪	-1	路地などはまだ暗いところが多く、不審者情報がある	1229276318
住宅環境	-1	路線価が上がり傾向	1229276318
買物・飲食	1	買い物場所が豊富です	1234903354
自然の恵み	1	自然に囲まれた空間が多い	1234903354
移動・交通	-1	以前よりバス路線の本数が減った	1234903354
医療・福祉	-1	土日、祝日でも受診出来る病院を増やして欲しい	1234903354
移動・交通	1	自宅から都心へ公共交通機関で短時間で行ける	1235155709
自然災害	1	自然災害がインフラ整備されれている	1235155709
事故・犯罪	-1	地域内の泥棒や押し入れ訪問(詐欺行為)が散見しているのでパトロールの強化	1235155709
事故・犯罪	-1	警察官の増員や町内に交番設置	1235155709
医療・福祉	1	大きな病院が近くに複数ある。	1231748694
買物・飲食	1	お店が近くに沢山ある。	1231748694
公共空間	-1	道路幅が狭い。根本的解決は難しいのかもしれませんが、道路近くの土地を行政が買収したりして、改善して欲しい。安全を確保して欲しい。	1231748694
自然災害	-1	市役所移転を実行して欲しい。移転先も水害に弱いようなので、一階部分は、駐車場にするなど、対策はして欲しい。	1231748694
住宅環境	1	静かで住みやすい気候	1236644266
自然の恵み	1	山も海もある	1236644266
医療・福祉	-1	病院が診療所しかない	1236644266
移動・交通	-1	行楽シーズンは渋滞が激しい	1236644266
買物・飲食	1	回りにたくさんあり便利。	1234336333
医療・福祉	1	回りにたくさんあり便利##	1234336333
移動・交通	-1	自転車道路の充実。##	1234336333
住宅環境	-1	騒音問題##	1234336333
都市景観	1	利便性が高く、気分も晴ればれする。	1230818698
移動・交通	1	どこに行くにも利便性がよい。	1230818698
子育て	-1	近場に保育園が少ない。	1230818698
初等・中等教育	-1	地域によるが通学距離が長い	1230818698
医療・福祉	1	総合病院が複数有る	1236114594
地域行政	1	公民館が小学校区毎に整備されていて、証明書等の行政サービスが充実している	1236114594
移動・交通	-1	人口25万人の都市なのに鉄道駅がJR1駅しか無い	1236114594
買物・飲食	-1	駅前商業施設は撤退が進み閑散としている。郊外に大型ショッピング施設はあるがパッとしない。全国的に有名な核となるブランドの商業施設が欲しいところです有る	1236114594
買物・飲食	1	コスパ	1236907692
移動・交通	1	徒歩で行ける距離	1236907692
医療・福祉	-1	今後に向けての理想	1236907692
住宅環境	-1	夜間うるさい	1236907692
買物・飲食	1	スーパーがたくさんあるので便利です。	1231841983
移動・交通	1	バスや相鉄線など色々あるので便利だからです。	1231841983
医療・福祉	-1	いい病院がない。	1231841983
自然の恵み	-1	自然が少なすぎる。	1231841983
住宅環境	1	ごちゃごちゃしていなくて住みやすい	1232529678
移動・交通	1	どこに行くにも便利	1232529678
自然景観	-1	もっと公園が多いと良い	1232529678
医療・福祉	-1	病院の待ち時間が長い	1232529678
都市景観	1	自宅から程よい距離にみなとみらいやランドマークタワーなど有名観光地がある。	1227793391
自然の恵み	1	都市中心部は発展しているが、郊外はまだ田舎の風情を残している。	1227793391
子育て	-1	子供の医療費用助成や中学校休職、学童の助成などは全国でもワースト1位のレベル。	1227793391
子育て	-1	子育て世代への助成が他の政令指定都市より遥かに遅れている。	1227793391
移動・交通	1	いっぱい	1234200662
買物・飲食	1	サービス	1234200662
事故・犯罪	-1	やくざいっぱい	1234200662
住宅環境	-1	朝鮮人うざい	1234200662
自然景観	1	強いて言えば。##左富士とか。	1229531148
自然景観	1	強いて言えばなので、特にない	1229531148
地域行政	-1	市長がバカすぎる	1229531148
医療・福祉	-1	中核病院が少ない	1229531148
医療・福祉	1	人工透析患者数日本一で無料で出来る	1232223858
買物・飲食	1	横浜独自の食文化が楽しめて満足	1232223858
移動・交通	-1	暴走車両がいまだに多く見られる	1232223858
住宅環境	-1	居住地域によって色々制約があり不便(低層住宅、車両通り抜け禁止等)	1232223858
自然景観	1	緑が多くて、野鳥などが多く住んでいる	1230315777
移動・交通	1	自動車が無くても、生活できる	1230315777
買物・飲食	-1	もっと、お店があると便利	1230315777
環境共生	-1	騒音問題がある	1230315777
子育て	1	子育て支援の充実は周辺の自治体に影響をもたらすぐらい##充実していると感じているので。	1226718603
自然災害	1	所々地盤が緩く低い土地があるものの、##全般的には地盤が固く高い土地の地域が多い分、##いろんな災害が起きにくい環境にあるので。	1226718603
デジタル生活	-1	もう少し手続きを含めていろんな面でデジタル化を進めて良いと思いますし、##自治体が管理する公衆Wi-Fiをもっと使える場所を広げて欲しい。	1226718603
医療・福祉	-1	医療はまずまずではあるものの老人福祉の充実は##今の高齢化社会を考えてももっと支援をしてあげて欲しい。##介護現場はかなり厳しそうな状況を知っているので。	1226718603
住宅環境	1	提示されたすべての項目において、満足できているものはなかったので、とりあえず少しはマシかなと思う住環境にしました。家の前は急な坂道で高齢者には厳しいですが。静かでのんびり過ごすには良い場所です。一方、市内の限界集落のようなところなのでどこに行くにしても、何をするにも不便。「ぽつんと一軒家」状態を体現しています。	1232221161
自然の恵み	1	住宅地なので自然というものはないのですが、とりあえず徒歩数分のところに樹木が多く広めの公園があるので。ただし、深い谷戸の公園なのであ、歩くのは大変です。	1232221161
移動・交通	-1	最寄りの駅まで徒歩25～30分。いくつかの路線バスが走っていますが、停留所までは徒歩10分以上。本数も少なく、行き先によっては2時間に1本程度の場所も。そのため、若い世帯が減り高齢者ばかりですが、移動手段がほぼないので引きこもり気味です。	1232221161
自然災害	-1	築年数が古い木造住宅が多く、能登半島などで発生した規模の地震があれば、多くの建物が倒壊・火災によって消失されると思われます。一方、行政からの案内や指導、支援はほぼなく、「自分で何とかしろ」状態です。一部は急傾斜地にあり崩れたこともありますが、人が死んだり取り返しのつかない被害がおきたりしなければ行政が動かないのは、何とかしてほしいです。	1232221161
買物・飲食	1	近所にロープライスのスーパーがある。	1231140819
住宅環境	1	自然が豊か。	1231140819
移動・交通	-1	夜間の路線バスの減便を再検討（減便前の状態）に戻してほしい。	1231140819
事故・犯罪	-1	職場前の道路の交通事故が多いので、制限速度を低くしてほしい。	1231140819
医療・福祉	1	徒歩圏内に各種クリニック、総合病院がある。近距離にはリハビリ専門病院、デイサービスが多数ある。##	1230528754
買物・飲食	1	徒歩圏内にスーパー、ドラックストア、コンビニ、ラーメン屋、マック等、吉野家等一通りある。	1230528754
環境共生	-1	商店街に駐車場がなく車だと買い物しにくい。	1230528754
都市景観	-1	昔ながらの個人商店が多く、焦点を閉鎖してシャッターを閉め、二階に居住しているいわゆるシャッター街がある。	1230528754
子育て	1	充分に教育を受けられる機会がしっかりしている	1230491125
医療・福祉	1	病院に行くのが近い	1230491125
住宅環境	-1	家賃が高過ぎるのでもう少し手頃になって欲しい	1230491125
事故・犯罪	-1	夜中にバイクや車の騒音が気になる	1230491125
自然災害	1	災害が少ない	1233607014
自然景観	1	緑が多い	1233607014
移動・交通	-1	バスが減っている	1233607014
事故・犯罪	-1	事故が多い	1233607014
初等・中等教育	1	いいぜ	1234229758
公共空間	1	いいぜ	1234229758
買物・飲食	-1	いいぜ	1234229758
事故・犯罪	-1	在日コリアン	1234229758
移動・交通	1	東京地区に横須賀線、京浜東北線、東急東横線、目黒線、田園都市線、小田急、京王、京浜急行などJR,私鉄など鉄道路線が充実しています。横浜市内も横浜市営地下鉄があり、便利です。	1226955311
自然景観	1	東京地区より人口密度が低く、緑化地域、公園など自然環境が多いです。こどもの国、ズーラシア、八景島シーパラダイスなどの東京にはない大型の自然と融合されたレジャー施設もあります。	1226955311
子育て	-1	東京都に比べて子育て政策が後追いであることは否めません。教育費実質無料化、保育園の整備など、まず東京が先行してから、導入され、行政の補助内容も東京より見劣りします。	1226955311
自然災害	-1	東京直下地震、東南海地震に対する備えが心配です。現状でも風水害の際の大規模停電を経験しており、社会インフラが脆弱です。東京より電力の地下化など進めやすいように思えますが、人口密集地域の災害対策が十分とは思えないです。	1226955311
買物・飲食	1	自宅から徒歩で行かれるスーパーや飲食店がたくさんあります。買い物も外食も、ほぼ選び放題です。	1226510147
移動・交通	1	最寄り駅まで、徒歩で１２分程度で行かれますし、そこで電車に乗れば乗り換え無しで、かなりの所まで行かれるので、とても便利です。	1226510147
事故・犯罪	-1	大都市なので、犯罪や交通事故は、とても多いと感じているからです。	1226510147
初等・中等教育	-1	中学校では、未だに給食がありません。全国的にも珍しく遅れています。	1226510147
遊び・娯楽	1	満足していない。しかたなく選んだ	1232353113
地域行政	1	設問2と同じ	1232353113
医療・福祉	-1	どれか一つに絞れない。どれも改善してほしい。	1232353113
初等・中等教育	-1	設問6に同じ	1232353113
住宅環境	1	静かで住みやすい。##気候が温暖。	1234348407
移動・交通	1	駅が近くにあり、本数も多い。	1234348407
医療・福祉	-1	大病院がない。	1234348407
自然災害	-1	津波が心配	1234348407
買物・飲食	1	駅近くにデパートや飲食店、スーパーなどがたくさんあり便利なので満足しています	1236114944
移動・交通	1	最寄り駅に近く、都心に移動するにも利便性がとても良いので満足しています	1236114944
環境共生	-1	ここ最近、木の伐採が盛んにされており見直してほしい	1236114944
自然の恵み	-1	住宅建築などが盛んに行われており公園などの自然環境が減っているように感じられるので公園など自然を増やす取り組みを行ってほしい	1236114944
自然景観	1	海、山両方での楽しみ方ができる。	1230571103
移動・交通	1	私鉄とJRどちらも利用できるのは利点。	1230571103
医療・福祉	-1	小さい病院しかない。先日急性疾患になり夜間救急とされている逗葉医療センターにいきましたが設備はなく、レントゲン技師も時間前に閉めてしまっているという杜撰な状況。結局近隣の自治体の救急対応病院へ自分の足で向かう羽目に。風邪しか診れないので意味がない。総合病院誘致の話がでては反対勢力のおかげで立ち消え。近隣の市に頼りっきりで恥ずかしくないのかと考える。	1230571103
公共空間	-1	道路など公共部分の設備の老朽化がとても目立つ。	1230571103
移動・交通	1	都内までもあまり遠くないため	1231556660
買物・飲食	1	美味しいものが気軽に行けて食べれるから	1231556660
地域行政	-1	住民税が高い	1231556660
自然景観	-1	マンションとかどんどんたって緑が減っている	1231556660
買物・飲食	1	周辺に店舗等の施設が多いから	1231606908
移動・交通	1	駅、バス停が近いから	1231606908
事故・犯罪	-1	周辺に窃盗被害が多いから	1231606908
遊び・娯楽	-1	周辺に娯楽の施設が少ない	1231606908
公共空間	1	安全面で生活環境が良い。	1234688458
環境共生	1	環境面で暮らしやすい。	1234688458
地域行政	-1	行政手属きはある程度コンビニで出来るようになったが、物足りない。	1234688458
自然景観	-1	時に不満は無いが、もう少し近代感があれば良い。	1234688458
デジタル生活	1	ほかの項目で満足できるものがなかったので、やむを得ず選んだ	1228424176
住宅環境	1	これも満足しているわけでなく、仕方なくあえて選んだ	1228424176
移動・交通	-1	最寄り駅が遠いので、バス便が現状以上に不便にならないようにしていただきたい	1228424176
医療・福祉	-1	家族の健康が気がかりになってきたので	1228424176
買物・飲食	1	国道が近くにあるので、食べ物屋さんもあるし、ディスカウントストアもあるし、物価が安いから	1231413074
事故・犯罪	1	治安が良いから	1231413074
移動・交通	-1	坂道が多いから自転車が大変だが、バスは通っていないから大変	1231413074
医療・福祉	-1	他の地域は高校生まで医療費が無料だが、これからやっと高校生まで無料になるから少し他の地域よりも遅い。	1231413074
自然の恵み	1	海に近くて行きたい時に行けること	1233895758
子育て	1	子供も多くおり、子供達の環境はよい	1233895758
地域行政	-1	藤沢市や平塚市は住民に手厚い。茅ヶ崎市も還元されるような行政をして欲しい	1233895758
移動・交通	-1	狭い道路がまだまだ多く整備してほしい。	1233895758
自然の恵み	1	緑が多く公園も多い	1225069777
事故・犯罪	1	穏やかに生活ができているから	1225069777
移動・交通	-1	バスを遅くまで運行してほしい	1225069777
遊び・娯楽	-1	アクティブに楽しめる空間が欲しい	1225069777
医療・福祉	1	コロナで入院した時の対応	1231095165
買物・飲食	1	充実している	1231095165
デジタル生活	-1	スマホで簡単に申請	1231095165
自然災害	-1	なんとなく	1231095165
デジタル生活	1	手間なく沢山の情報が得られるから	1236915241
移動・交通	1	都市部は交通が発達しており快適	1236915241
事故・犯罪	-1	治安の維持	1236915241
自然災害	-1	防災都市の構築	1236915241
買物・飲食	1	徒歩1分程度ところにコンビニが２店舗ありスーパーも徒歩3分程度のところに1店舗あるから	1231344122
移動・交通	1	今住んでいるマンションの目の前にバス停があり、そのバス停がＪＲや京急の6か所の駅に行けるので	1231344122
公共空間	-1	今住んでいるマンションの目の前にエホバの証人の建物があり信者が日曜日にたくさん来られ、その信者の大半は、高齢者なので邪魔になることがあるから	1231344122
地域行政	-1	地域に住んでいる人に田舎では、温泉の入浴料が安くなるようなポイントがあるが今住んでいるところには、何も得になるようなポイントがない	1231344122
買物・飲食	1	家の近くに買い物する施設がたくさんあり便利	1229280043
移動・交通	1	交通の便が良い	1229280043
子育て	-1	医療費や学費の助成	1229280043
事故・犯罪	-1	人口が多く都市部なので治安の悪い地域もある	1229280043
住宅環境	1	バス電車が便利	1225699923
自然災害	1	災害に強そう	1225699923
地域行政	-1	市民向けにしてほしい	1225699923
子育て	-1	子供を大切にしてほしい	1225699923
医療・福祉	1	近くにある	1234880954
買物・飲食	1	近くにある	1234880954
遊び・娯楽	-1	近くにある	1234880954
地域行政	-1	近くにある	1234880954
移動・交通	1	横浜駅、新横浜駅、羽田空港、東京、渋谷、新宿に乗り換えなしで行け、運行本数も多い。市バスも位置情報を備えており使い勝手が良い	1231789647
買物・飲食	1	大型スーパーのイオンがあり日常の必要なものは手に入るし##電車で3分で横浜に行けるので手に入れたいものは大多数手に入る	1231789647
デジタル生活	-1	デジタル化が進んでいるので区単位に行政窓口のやり方が前近代的なことが散見すること	1231789647
自然災害	-1	地震災害の避難所などの対応について明確なものがないので不安であるのでより具体的な絵姿を示して欲しい	1231789647
自然景観	1	都市部まで近いのに水田や畑がある。	1225708517
住宅環境	1	都会ほどゴミゴミしてないが、車があれば買い物も困らない。	1225708517
子育て	-1	横浜市は手当などが少ない。	1225708517
デジタル生活	-1	電波が入らない所が結構ある。	1225708517
移動・交通	1	電車やバスで行きたいところに行きやすい。交通が発達してる点。	1236955971
住宅環境	1	閑静な住宅街もあり、住みやすい点	1236955971
都市景観	-1	都市部に緑が少ないと感じるため緑を増やしてほしい	1236955971
事故・犯罪	-1	イメージとして犯罪が多いと思われているため、イメージ改善に努めて欲しい	1236955971
移動・交通	1	小田急線がとても便利。	1228555505
自然景観	1	四季折々の自然が感じられる。	1228555505
買物・飲食	-1	市全域で開発を進めてほしい。	1228555505
デジタル生活	-1	ITをもっと活用してほしい。	1228555505
医療・福祉	1	福祉の町と言われる通りだから	1234401157
買物・飲食	1	安くて品も豊富	1234401157
事故・犯罪	-1	治安をしっかりしてほしい	1234401157
住宅環境	-1	ゴミが散乱している点	1234401157
住宅環境	1	治安が良く騒がしくもなく落ち着いているので、安心して住める所に満足している。	1230680990
遊び・娯楽	1	遊園地、ゲームセンター、マンガ喫茶、映画館、博物館、水族館、動物園など、様々な施設があり、期間限定の施設もあったりと、近場で色々楽しめるので満足している。	1230680990
医療・福祉	-1	どこの病院に行っても待ち時間が長い事。	1230680990
地域行政	-1	対応している時間帯が短い事。	1230680990
事故・犯罪	1	あまり事件の話を聞かない	1228431034
買物・飲食	1	スーパーがたくさんある	1228431034
移動・交通	-1	道が狭い	1228431034
住宅環境	-1	飛行機がうるさい	1228431034
移動・交通	1	バス路線が充実している	1228592825
デジタル生活	1	高速インターネットが使用できる	1228592825
住宅環境	-1	長期に放置されている空き家が多い	1228592825
都市景観	-1	長年、猥雑で整備されていないと感じる	1228592825
自然の恵み	1	田舎風景が満喫出来る	1229359426
自然の恵み	1	ただただ田舎なので	1229359426
移動・交通	-1	電車が単線	1229359426
買物・飲食	-1	不便極まりない	1229359426
買物・飲食	1	立地がいい	1231801487
遊び・娯楽	1	息抜きができる	1231801487
移動・交通	-1	混む	1231801487
買物・飲食	-1	近場にほしい	1231801487
自然の恵み	1	自然が多く、特に山、川などでキャンプを楽しめる。	1235458991
自然災害	1	自然が多いのに自然災害が少ないと思う。	1235458991
事故・犯罪	-1	地域犯罪が多いような気がします。	1235458991
移動・交通	-1	路線バスの本数と拡充してほしい。	1235458991
買物・飲食	1	必要なものが大体近場で手に入る	1235216708
移動・交通	1	移動に困ることが少ない	1235216708
医療・福祉	-1	障害者などの社会的弱者に対する援助をより拡充させてほしい	1235216708
移動・交通	-1	バスの便が少し少なくなって来ている気がするのでもう少し増やしてほしい	1235216708
移動・交通	1	駅近なこと。電車が頻繁に来て、遅れなども比較的少ない。	1233327867
買物・飲食	1	近くにスーパーやコンビニ、ドラッグストアも多くてとても便利。買い物に困らない。	1233327867
自然災害	-1	大雨が降ると河川の氾濫や水溜りのできるエリアがあること。	1233327867
事故・犯罪	-1	自分が住んでいるエリアではないが、川崎市には治安の悪いエリアがあるため、悪いイメージを持たれることがある。	1233327867
住宅環境	1	自然と都会のバランスが良い	1235822236
移動・交通	1	公共交通機関が充実している	1235822236
医療・福祉	-1	公共の高齢者福祉施設を充実させて欲しい	1235822236
都市景観	-1	電線の地下埋設など景観と利便性の向上	1235822236
移動・交通	1	時間を問わず公共交通が機能している	1229282881
買物・飲食	1	飲食店が多い	1229282881
医療・福祉	-1	みなとみらいに大型の総合病院が欲しい	1229282881
移動・交通	-1	市内に環状のlrtを運営してほしい	1229282881
自然の恵み	1	山や川など自然がたくさん有る。	1235227323
買物・飲食	1	百貨店やスーパーマーケットが有る。	1235227323
遊び・娯楽	-1	大人の遊び場を増やして欲しい。	1235227323
移動・交通	-1	公共交通機関をもっと増やして欲しい。	1235227323
買物・飲食	1	近くに安くて安心なスーパーがあり、食生活環境がよくなったから。	1227235754
移動・交通	1	駅に割りと近くて便利だから。	1227235754
地域行政	-1	税金が高いと感じている。	1227235754
住宅環境	-1	家賃が高いと感じている。	1227235754
買物・飲食	1	お店がたくさんある	1236218190
移動・交通	1	交通の便が良い	1236218190
事故・犯罪	-1	窃盗事件など各種事件が多い	1236218190
自然景観	-1	自然が少ない	1236218190
移動・交通	1	私鉄各線が揃っていて都心はもちろん各方面へのアクセスが良い	1230148982
都市景観	1	赤レンガ倉庫・中華街など歴史や文化を感じさせるものが揃っている。	1230148982
事故・犯罪	-1	横浜駅周辺やドヤ街での粗暴犯罪対策	1230148982
自然災害	-1	横浜市は坂が多く傾斜地が多いので土砂災害に弱い。土砂災害防止施設の整備を強化し、日頃の避難訓練の実施や食料などの備蓄、避難場所の確保を増やすこと。	1230148982
移動・交通	1	交通機関が充実している	1231662612
買物・飲食	1	近隣に数多く存在する	1231662612
環境共生	-1	河川の整備	1231662612
自然災害	-1	環境の整備	1231662612
自然の恵み	1	多摩川に付随する緑地や景観の良さ	1230225593
地域行政	1	行政サービスや出張所での手続きが便利だと感じる	1230225593
買物・飲食	-1	川崎から出る必要のないくらい何度も揃い、食やレジャーも充実している	1230225593
事故・犯罪	-1	少し治安の良くない地区がある	1230225593
自然景観	1	海が近い	1235940613
事故・犯罪	1	治安が良い	1235940613
移動・交通	-1	駅を作って欲しい	1235940613
子育て	-1	教育費補助が欲しい	1235940613
都市景観	1	中心部から少し離れると自然がある	1226979240
買物・飲食	1	都内に出なくても都内と同じ様なものが大体買える	1226979240
医療・福祉	-1	病院がいつも混んでる。女性特有の症状を診る病院が少ない。	1226979240
住宅環境	-1	暴走族がうるさい	1226979240
買物・飲食	1	選択肢が沢山あるから	1228236389
移動・交通	1	交通手段が選べるから	1228236389
事故・犯罪	-1	交通マナーが良くない	1228236389
自然災害	-1	大雨が降ると直ぐ水が溢れるから	1228236389
買物・飲食	1	大きなショッピングモールや小さなスーパーなどが多数あり、国道沿いや駅付近に飲食店が多数あり様々な選択肢があるため。	1231255539
移動・交通	1	都心方面に出るにも南方面に出るにもアクセスがよい小田急があったり、相鉄線があったり、横浜まで一本でいける横浜線があったりと交通の便が良いから。	1231255539
地域行政	-1	デジタルの活用でもっと便利にして欲しい。	1231255539
医療・福祉	-1	高齢者の入院数が多く病床数が足りないため現役世代の入院が厳しい状況をどうにかして欲しい	1231255539
自然の恵み	1	公園、施設が多い	1234198867
自然の恵み	1	川や景色	1234198867
住宅環境	-1	道路、信号	1234198867
買物・飲食	-1	駅周辺、夜になると飲み屋のキャッチなど治安がよくない	1234198867
買物・飲食	1	駅周辺にお店が多い。駅ビルにもいろいろなお店が入っていて便利です。	1232093776
住宅環境	1	静かです	1232093776
移動・交通	-1	七夕祭りのときに道路を封鎖するため混雑するところ	1232093776
医療・福祉	-1	施設が少ない	1232093776
移動・交通	1	東京に出るときだけでなく、羽田空港や新横浜駅にも近いので、日本全国行きやすいと思っている。	1229743442
買物・飲食	1	沢山のお店があるから。	1229743442
事故・犯罪	-1	人口が多いこともあるが、事故や犯罪数を減らせる取り組みをしてほしい。	1229743442
子育て	-1	子育てしやすい環境を作ってほしい。	1229743442
住宅環境	1	環境汚染問題が良くなり街が綺麗になった	1230857600
移動・交通	1	電車などの交通の便が良くなり都心にも出やすい	1230857600
買物・飲食	-1	川崎市はお勧めできるソールフードがない様な気がする	1230857600
地域行政	-1	ふるさと納税にもっと力を入れて税金が戻って来る様にしてほしい	1230857600
自然景観	1	湘南の海風を感じられる自然豊かで穏やかな場所だから	1235922727
住宅環境	1	近隣住民が穏やかで諍いがない。	1235922727
医療・福祉	-1	頼りになる街のドクターが少ない。	1235922727
地域行政	-1	医療や福祉に関する施策がない。	1235922727
住宅環境	1	郵便局や銀行が徒歩数分で行くことができる環境にあること。	1236838426
移動・交通	1	バス移動時に、バス停まで数分で行くことができ、最寄りの駅まで10数分で行くことができる環境であること。	1236838426
デジタル生活	-1	行政関係の申請や交付をするときに、市役所まで出向いて行う必要があり、デジタル行政関係が遅れていると感じる。	1236838426
医療・福祉	-1	高齢者福祉・支援や障害者支援などを包括的に対応できる具体的な体制や組織が不十分であると感じている。	1236838426
住宅環境	1	静かで海があり、山にも近い	1231797204
移動・交通	1	横浜、東京が通勤圏内	1231797204
医療・福祉	-1	南部地区に総合病院がないので設置してほしい。	1231797204
買物・飲食	-1	藤沢駅周辺のショッピング環境を更に改善してほしい。	1231797204
住宅環境	1	海が近い	1230835358
買物・飲食	1	お店が多い	1230835358
移動・交通	-1	東京まで遠いので特急列車がほしい	1230835358
地域行政	-1	過疎化	1230835358
買物・飲食	1	飲食店が多い	1230060768
遊び・娯楽	1	遊べるところが多い	1230060768
事故・犯罪	1	犯罪が少ない	1231578145
自然の恵み	1	東京より暖かい	1231578145
遊び・娯楽	-1	プロスポーツが見たい、コンサートも	1231578145
買物・飲食	-1	駅近くばかり便利	1231578145
移動・交通	1	電車の便が多い	1230223205
事故・犯罪	1	警察がしっかりしてる	1230223205
地域行政	-1	米軍を無くして欲しい	1230223205
買物・飲食	-1	駅前が少し寂れている	1230223205
買物・飲食	1	徒歩圏内にある	1236169336
医療・福祉	1	地域医療さかん	1236169336
自然景観	-1	里山がなくたっている	1236169336
自然景観	-1	自然を残して欲しい	1236169336
移動・交通	1	小田急の江ノ島線と小田原線が両方使える	1234360589
子育て	1	近くに保育園から中学まである	1234360589
事故・犯罪	-1	最近殺人事件があったので	1234360589
遊び・娯楽	-1	娯楽の場所がない	1234360589
移動・交通	1	通っている路線が多い	1235895537
買物・飲食	1	駅前にスーパー、ドラッグストア、100均、飲食店など生活に必要な施設が揃っている。	1235895537
事故・犯罪	-1	ストーカーが多い。変質者が多い。	1235895537
都市景観	-1	道路にゴミが落ちている	1235895537
